Workbook
Name AHPAlternativeNames: Tablo2[Alternative names]
Name AHPCriteriaNames: Tablo2[Criteria names]
Name BWNames: Tablo19[Attribute names]
Name FPCAlternativeNames: Tablo213[Alternative names]
Name GridAlternativeNames: Tablo215[Alternative names]
Name GridCriteriaNames: Tablo215[Criteria names]
Name Names_of_Categories: FPCPage!#REF!
Name Names_of_FPCCategories: Tablo213[Category names]
Name AHPAlternativeNames: [1]!Tablo2[Alternative names]
Name AHPAlternativeNamesD: [1]Depot!$K$3:$K$12
Name AHPCategoryNames: [1]AHPPage!$H$6:$H$10
Name AHPCriteriaNames: [1]!Tablo2[Criteria names]
Name AHPCriteriaNamesD: [1]Depot!$J$3:$J$12
Name AHPMaxs: [1]AHPOutput!$B$3004:$SG$3004
Name AHPMeans: [1]AHPOutput!$B$3002:$SG$3002
Name AHPMedians: [1]AHPOutput!$B$3006:$SG$3006
Name AHPMins: [1]AHPOutput!$B$3003:$SG$3003
Name AHPStDevs: [1]AHPOutput!$B$3005:$SG$3005
Name BWNames: [1]!Tablo19[Attribute names]
Name Category_numbers: [1]Depot!$L$22:$L$31
Name FPCAlternativeNames: [1]!Tablo213[Alternative names]
Name FPCAlternativeNamesD: [1]Depot!$H$3:$H$12
Name FPCCategoryNames: [1]FPCPage!$H$5:$H$12
Name FPCCategoryNamesD: [1]Depot!$I$3:$I$7
Name FPCData: [1]FPCData!$A$2:$AS$2002
Name FPCMaxs: [1]FPCOutput!$B$3004:$SB$3004
Name FPCMeans: [1]FPCOutput!$B$3002:$SB$3002
Name FPCMedians: [1]FPCOutput!$B$3006:$SB$3006
Name FPCMins: [1]FPCOutput!$B$3003:$SB$3003
Name FPCSecsay: [1]FPCPage!$C$5
Name FPCStDevs: [1]FPCOutput!$B$3005:$SB$3005
Name GridAlternativeNames: [1]!Tablo215[Alternative names]
Name GridAlternativeNamesD: [1]Depot!$N$3:$N$12
Name GridCategoryNames: [1]GridPage!$I$5:$I$6
Name GridCategoryNamesD: [1]Depot!$O$3:$O$7
Name GridCriteriaNames: [1]!Tablo215[Criteria names]
Name GridCriteriaNamesD: [1]Depot!$M$3:$M$12
Name GridData: [1]GridData!$A$2:$DF$2001
Name GridKrSay: [1]GridPage!$C$5
Name GridMaxs: [1]GridOutput!$B$3004:$SH$3004
Name GridMeans: [1]GridOutput!$B$3002:$SH$3002
Name GridMedians: [1]GridOutput!$B$3006:$SH$3006
Name GridMins: [1]GridOutput!$B$3003:$SH$3003
Name GridSecSay: [1]GridPage!$C$6
Name GridStDevs: [1]GridOutput!$B$3005:$SH$3005
Name Names_of_AHPcategoriesD: [1]Depot!$L$3:$L$12
Name Names_of_BWcategories: [1]MaxDiffPage!$G$5:$G$34
Name Names_of_Categories: [1]FPCPage!#REF!
Name Names_of_FPCCategories: [1]!Tablo213[Category names]
Name secsay10: [1]GridOutput!$JR$2
Name secsay3: [1]GridOutput!$GL$2
Name secsay4: [1]GridOutput!$GX$2
Name secsay5: [1]GridOutput!$HJ$2
Name secsay6: [1]GridOutput!$HV$2
Name secsay7: [1]GridOutput!$IH$2
Name secsay8: [1]GridOutput!$IT$2
Name secsay9: [1]GridOutput!$JF$2
Name AHPAlternativeNames: [1]!Tablo2[Alternative names]
Name AHPAlternativeNamesD: [1]Depot!$K$3:$K$12
Name AHPCategoryNames: [1]AHPPage!$H$6:$H$10

Sheet Hiyerarsi_Indeks
B2: AHP Hiyerarşi Çalışma Sayfaları
B4: Bu dosyada 1 ana blok, 4 alt grup ve 13 gösterge matrisi düzeyinde olmak üzere toplam 18 AHP çalışma sayfası vardır.
B6: Düzey | C6: Bağlı Olduğu Yapı | D6: Karşılaştırma Grubu | E6: İçerik | F6: Karşılaştırılan Parametre Sayısı sayısı | G6: Sayfa adı
A7: 1 | B7: Ana blok | C7: TSGS | D7: Ana Bloklar | E7: Ana bloklar | F7: 4 | G7: ESG_FO_AnaBlok
A8: 2 | B8: Alt Grup | C8: Ana Bloklar | D8: Çevre | E8: Alt gruplar | F8: 4 | G8: E_AltGruplar
A9: 3 | B9: Gösterge | C9: Çevre | D9: Enerji ve Emisyonlar | E9: Göstergeler | F9: 7 | G9: E_EnerjiEmis
A10: 4 | B10: Gösterge | C10: Çevre | D10: Su Yönetimi | E10: Göstergeler | F10: 7 | G10: E_AltGruplar
A11: 5 | B11: Gösterge | C11: Çevre | D11: Biyoçeşitlilik ve Toprak | E11: Göstergeler | F11: 5 | G11: E_AltGruplar
A12: 6 | B12: Gösterge | C12: Çevre | D12: Atıklar ve Kimyasallar | E12: Göstergeler | F12: 7 | G12: E_AltGruplar
A13: 7 | B13: Alt Grup | C13: Ana Bloklar | D13: Sosyal | E13: Alt Gruplar | F13: 3 | G13: E_AtikKimya
A14: 8 | B14: Gösterge | C14: Sosyal | D14: İşgücü/İstihdam | E14: Göstergeler | F14: 9 | G14: S_AltGruplar
A15: 9 | B15: Gösterge | C15: Sosyal | D15: Çalışma Koşullaru | E15: Göstergeler | F15: 8 | G15: S_IsgucuIst
A16: 10 | B16: Gösterge | C16: Sosyal | D16: Toplum / Kişisel Koruma | E16: Göstergeler | F16: 3 | G16: S_AltGruplar
A17: 11 | B17: Alt Grup | C17: Ana Bloklar | D17: Yönetişim | E17: Alt Gruplar | F17: 2 | G17: S_CalismaKos
A18: 12 | B18: Gösterge | C18: Yönetişim | D18: Uyum ve Politika | E18: Göstergeler | F18: 12 | G18: S_AltGruplar
... A24: 18 | B24: Gösterge | C24: Finans ve Operasyon | D24: Bitkisel Üretim | E24: Göstergeler | F24: 4 | G24: FO_AltGruplar

Sheet Kullanim_Notu
B2: Uyarlama ve kullanım notu
B4: Kapsam | C4: Bu çalışma kitabı, Osman Hoca’nın AHP şablonu korunarak E–S–G–FO ana bloklarının ilk düzey ikili karşılaştırmasını uygulamak üzere hazırlanmıştır.
B5: Giriş | C5: Uzman/karar verici, ESG_FO_AnaBlok sayfasındaki sarı hücrelere üst üçgendeki altı karşılaştırma değerini girecektir: E-S, E-G, E-FO, S-G, S-FO, G-FO.
B6: Ölçek | C6: Saaty 1–9 ölçeği kullanılmalıdır. Bir blok diğerinden daha az önemliyse 1/2, 1/3, …, 1/9 gibi ters değerler girilmelidir.
B7: Otomatik hesap | C7: Alt üçgen, sütun toplamları, normalize matris, yerel ağırlıklar, λmax, CI, RI ve CR otomatik hesaplanır.
B8: Yorum | C8: CR ≤ 0,10 genel pratik tutarlılık kontrolü olarak kabul edilir. CR yüksek çıkarsa ikili karşılaştırmalar gerekçeleriyle yeniden değerlendirilmelidir.
B9: Sonraki aşama | C9: Aynı mantıkla E, S, G ve FO alt grupları; daha sonra her alt grubun göstergeleri için ayrı matrisler oluşturulacaktır.
B10: Önemli ayrım | C10: Bu dosyada henüz uzman görüşü veya gerçek ikili karşılaştırma değeri girilmemiştir. Sarı hücreler boş bırakılmıştır; ağırlıklar veri girildikten sonra oluşacaktır.
B12: Düzeltme | C12: λmax hesabı Excel uyumluluğu için SUMPRODUCT yerine açık çarpım toplamı ile kurulmuştur.
B15: Kapsamlı sürüm | C15: Hiyerarsi_Indeks sayfasından tüm ana blok, alt grup ve gösterge AHP sayfalarına geçebilirsiniz.

Sheet ESG_FO_Makale
B2: AHP Ana Blok Ağırlıklandırması: E–S–G–FO
B4: Amaç | C4: Tarım işletmelerinin bütünleşik sürdürülebilirlik performansının değerlendirilmesi
B5: Karşılaştırma düzeyi | C5: Ana bloklar: Çevre (E), Sosyal (S), Yönetişim (G), Finans ve Operasyon (FO)
B7: 1. İkili karşılaştırma matrisi – uzman/karar verici giriş alanı
C8: E – Çevre | D8: S – Sosyal | E8: G – Yönetişim | F8: FO – Finans ve Operasyon | H8: Giriş açıklaması
B9: E – Çevre | C9: 1 | D9: 5 | E9: 6 | F9: 9 | H9: Sarı hücrelere yalnızca Saaty ölçeğinde 1, 2, …, 9 veya bunların karşılık değerlerini giriniz. Yeşil hücreler otomatik ters değerlerdir.
B10: S – Sosyal | C10: =IFERROR(1/D9,"") | D10: 1 | E10: 2 | F10: 4
B11: G – Yönetişim | C11: =IFERROR(1/E9,"") | D11: =IFERROR(1/E10,"") | E11: 1 | F11: 2
B12: FO – Finans ve Operasyon | C12: =IFERROR(1/F9,"") | D12: =IFERROR(1/F10,"") | E12: =IFERROR(1/F11,"") | F12: 1
B15: 2. Normalize matris ve yerel ağırlıklar
C16: E – Çevre | D16: S – Sosyal | E16: G – Yönetişim | F16: FO – Finans ve Operasyon | G16: Yerel ağırlık
B17: E – Çevre | C17: =IFERROR(C9/C$21,"") | D17: =IFERROR(D9/D$21,"") | E17: =IFERROR(E9/E$21,"") | F17: =IFERROR(F9/F$21,"") | G17: =IFERROR(AVERAGE(C17:F17),"")
B18: S – Sosyal | C18: =IFERROR(C10/C$21,"") | D18: =IFERROR(D10/D$21,"") | E18: =IFERROR(E10/E$21,"") | F18: =IFERROR(F10/F$21,"") | G18: =IFERROR(AVERAGE(C18:F18),"")
B19: G – Yönetişim | C19: =IFERROR(C11/C$21,"") | D19: =IFERROR(D11/D$21,"") | E19: =IFERROR(E11/E$21,"") | F19: =IFERROR(F11/F$21,"") | G19: =IFERROR(AVERAGE(C19:F19),"")
B20: FO – Finans ve Operasyon | C20: =IFERROR(C12/C$21,"") | D20: =IFERROR(D12/D$21,"") | E20: =IFERROR(E12/E$21,"") | F20: =IFERROR(F12/F$21,"") | G20: =IFERROR(AVERAGE(C20:F20),"")
B21: Sütun toplamı | C21: =SUM(C9:C12) | D21: =SUM(D9:D12) | E21: =SUM(E9:E12) | F21: =SUM(F9:F12)
B23: Ağırlık toplamı | G23: =SUM(G17:G20)
B25: 3. Tutarlılık analizi
B26: λmax | G26: =C21*G17+D21*G18+E21*G19+F21*G20
B27: CI | G27: =IFERROR((G26-4)/(4-1),"")
B28: RI (n=4) | G28: 0.9
B29: CR | G29: =IFERROR(G27/G28,"")
B30: Karar | G30: =IF(COUNT(D9:F11)<6,"Veri bekleniyor",IF(G29<=0.1,"Tutarlı (CR ≤ 0,10)","Gözden geçirilmeli (CR > 0,10)"))
B32: Not: Bu sayfa yalnızca E–S–G–FO ana bloklarının ağırlıklandırılması içindir. Alt grup ve gösterge matrisleri ayrı sayfalarda kurulacaktır.
B35: Düzeltme notu | C35: λmax formülü satır-sütun boyut uyumsuzluğu nedeniyle #DEĞER! üretebiliyordu; açık çarpım formülüyle düzeltildi.

Sheet ESG_FO_AnaBlok
B2: AHP Ana Blok Ağırlıklandırması: E–S–G–FO
B4: Amaç | C4: Tarım işletmelerinin bütünleşik sürdürülebilirlik performansının değerlendirilmesi
B5: Karşılaştırma düzeyi | C5: Ana bloklar: Çevre (E), Sosyal (S), Yönetişim (G), Finans ve Operasyon (FO)
B7: 1. İkili karşılaştırma matrisi – uzman/karar verici giriş alanı
C8: E – Çevre | D8: S – Sosyal | E8: G – Yönetişim | F8: FO – Finans ve Operasyon | H8: Giriş açıklaması
B9: E – Çevre | C9: 1 | D9: 3 | E9: 4 | F9: 7 | H9: Sarı hücrelere yalnızca Saaty ölçeğinde 1, 2, …, 9 veya bunların karşılık değerlerini giriniz. Yeşil hücreler otomatik ters değerlerdir.
B10: S – Sosyal | C10: =IFERROR(1/D9,"") | D10: 1 | E10: 2 | F10: 4
B11: G – Yönetişim | C11: =IFERROR(1/E9,"") | D11: =IFERROR(1/E10,"") | E11: 1 | F11: 2
B12: FO – Finans ve Operasyon | C12: =IFERROR(1/F9,"") | D12: =IFERROR(1/F10,"") | E12: =IFERROR(1/F11,"") | F12: 1
B15: 2. Normalize matris ve yerel ağırlıklar
C16: E – Çevre | D16: S – Sosyal | E16: G – Yönetişim | F16: FO – Finans ve Operasyon | G16: Yerel ağırlık
B17: E – Çevre | C17: =IFERROR(C9/C$21,"") | D17: =IFERROR(D9/D$21,"") | E17: =IFERROR(E9/E$21,"") | F17: =IFERROR(F9/F$21,"") | G17: =IFERROR(AVERAGE(C17:F17),"")
B18: S – Sosyal | C18: =IFERROR(C10/C$21,"") | D18: =IFERROR(D10/D$21,"") | E18: =IFERROR(E10/E$21,"") | F18: =IFERROR(F10/F$21,"") | G18: =IFERROR(AVERAGE(C18:F18),"")
B19: G – Yönetişim | C19: =IFERROR(C11/C$21,"") | D19: =IFERROR(D11/D$21,"") | E19: =IFERROR(E11/E$21,"") | F19: =IFERROR(F11/F$21,"") | G19: =IFERROR(AVERAGE(C19:F19),"")
B20: FO – Finans ve Operasyon | C20: =IFERROR(C12/C$21,"") | D20: =IFERROR(D12/D$21,"") | E20: =IFERROR(E12/E$21,"") | F20: =IFERROR(F12/F$21,"") | G20: =IFERROR(AVERAGE(C20:F20),"")
B21: Sütun toplamı | C21: =SUM(C9:C12) | D21: =SUM(D9:D12) | E21: =SUM(E9:E12) | F21: =SUM(F9:F12)
B23: Ağırlık toplamı | G23: =SUM(G17:G20)
B25: 3. Tutarlılık analizi
B26: λmax | G26: =C21*G17+D21*G18+E21*G19+F21*G20
B27: CI | G27: =IFERROR((G26-4)/(4-1),"")
B28: RI (n=4) | G28: 0.9
B29: CR | G29: =IFERROR(G27/G28,"")
B30: Karar | G30: =IF(COUNT(D9:F11)<6,"Veri bekleniyor",IF(G29<=0.1,"Tutarlı (CR ≤ 0,10)","Gözden geçirilmeli (CR > 0,10)"))
B32: Not: Bu sayfa yalnızca E–S–G–FO ana bloklarının ağırlıklandırılması içindir. Alt grup ve gösterge matrisleri ayrı sayfalarda kurulacaktır.
B35: Düzeltme notu | C35: λmax formülü satır-sütun boyut uyumsuzluğu nedeniyle #DEĞER! üretebiliyordu; açık çarpım formülüyle düzeltildi.

Sheet E_AltGruplar
B2: Çevre Ana Bloğu Alt Grupları AHP
B4: Karşılaştırma düzeyi | C4: Çevre ana bloğu alt grup karşılaştırması
B6: 1. İkili karşılaştırma matrisi – sarı hücrelere giriş yapınız
C7: Enerji ve Emisyonlar | D7: Su Yönetimi | E7: Biyoçeşitlilik ve Toprak | F7: Atıklar ve Kimyasallar | G7: Yerel ağırlık | H7: Giriş açıklaması
B8: Enerji ve Emisyonlar | C8: 1 | D8: 0.5 | E8: 0.33 | F8: 2 | H8: Sarı hücrelere Saaty ölçeğinde 1–9 veya ters değerleri giriniz. Yeşil hücreler otomatik ters değerlerdir.
B9: Su Yönetimi | C9: =IFERROR(1/D8,"") | D9: 1 | E9: 0.5 | F9: 4
B10: Biyoçeşitlilik ve Toprak | C10: =IFERROR(1/E8,"") | D10: =IFERROR(1/E9,"") | E10: 1 | F10: 6
B11: Atıklar ve Kimyasallar | C11: =IFERROR(1/F8,"") | D11: =IFERROR(1/F9,"") | E11: =IFERROR(1/F10,"") | F11: 1
B14: 2. Normalize matris ve yerel ağırlıklar
C15: Enerji ve Emisyonlar | D15: Su Yönetimi | E15: Biyoçeşitlilik ve Toprak | F15: Atıklar ve Kimyasallar | G15: Yerel ağırlık
B16: Enerji ve Emisyonlar | C16: =IFERROR(C8/C$20,"") | D16: =IFERROR(D8/D$20,"") | E16: =IFERROR(E8/E$20,"") | F16: =IFERROR(F8/F$20,"") | G16: =IFERROR(AVERAGE(C16:F16),"")
B17: Su Yönetimi | C17: =IFERROR(C9/C$20,"") | D17: =IFERROR(D9/D$20,"") | E17: =IFERROR(E9/E$20,"") | F17: =IFERROR(F9/F$20,"") | G17: =IFERROR(AVERAGE(C17:F17),"")
B18: Biyoçeşitlilik ve Toprak | C18: =IFERROR(C10/C$20,"") | D18: =IFERROR(D10/D$20,"") | E18: =IFERROR(E10/E$20,"") | F18: =IFERROR(F10/F$20,"") | G18: =IFERROR(AVERAGE(C18:F18),"")
B19: Atıklar ve Kimyasallar | C19: =IFERROR(C11/C$20,"") | D19: =IFERROR(D11/D$20,"") | E19: =IFERROR(E11/E$20,"") | F19: =IFERROR(F11/F$20,"") | G19: =IFERROR(AVERAGE(C19:F19),"")
B20: Sütun toplamı | C20: =SUM(C8:C11) | D20: =SUM(D8:D11) | E20: =SUM(E8:E11) | F20: =SUM(F8:F11)
B22: Ağırlık toplamı | G22: =SUM(G16:G19)
B24: 3. Tutarlılık analizi
B25: λmax | G25: =C20*G16+D20*G17+E20*G18+F20*G19
B26: CI | G26: =IFERROR((G25-4)/(4-1),"")
B27: RI (n=4) | G27: 0.9
B28: CR | G28: =IFERROR(G26/G27,"")
B29: Karar | G29: =IF(COUNT(D8,E8,F8,E9,F9,F10)<6,"Veri bekleniyor",IF(G28<=0.1,"Tutarlı (CR ≤ 0,10)","Gözden geçirilmeli (CR > 0,10)"))

Sheet E_EnerjiEmis
B2: Çevre → Enerji ve Emisyonlar Göstergeleri AHP
B4: Karşılaştırma düzeyi | C4: Çevre → Enerji ve Emisyonlar
B6: 1. İkili karşılaştırma matrisi – sarı hücrelere giriş yapınız
C7: E-01 Enerji Kaynağı (Fosil, Elektrik, Yenilenebilir) | D7: E-02 Yıllık toplam enerji tüketimi (kWh/litre) | E7: E-03 Enerji verimliliği artırma uygulamaları | F7: E-04 Yenilenebilir enerji kullanım oranı (%) | G7: E-05 Karbon ayak izi hesaplama durumu | H7: E-06 İş makineleri yakıt verimliliği | I7: E-07 Lojistik ve dağıtım ağı mesafesi (300 km kriteri) | K7: Giriş açıklaması
B8: E-01 Enerji Kaynağı (Fosil, Elektrik, Yenilenebilir) | C8: 1 | D8: 2 | E8: 3 | F8: 3 | G8: 4 | H8: 2 | I8: 4 | K8: Sarı hücrelere Saaty ölçeğinde 1–9 veya ters değerleri giriniz. Yeşil hücreler otomatik ters değerlerdir.
B9: E-02 Yıllık toplam enerji tüketimi (kWh/litre) | C9: =IFERROR(1/D8,"") | D9: 1 | E9: 2 | F9: 3 | G9: 5 | H9: 2 | I9: 3
B10: E-03 Enerji verimliliği artırma uygulamaları | C10: =IFERROR(1/E8,"") | D10: =IFERROR(1/E9,"") | E10: 1 | F10: 0.5 | G10: 3 | H10: 2 | I10: =3
B11: E-04 Yenilenebilir enerji kullanım oranı (%) | C11: =IFERROR(1/F8,"") | D11: =IFERROR(1/F9,"") | E11: =IFERROR(1/F10,"") | F11: 1 | G11: =4 | H11: =2 | I11: =2
B12: E-05 Karbon ayak izi hesaplama durumu | C12: =IFERROR(1/G8,"") | D12: =IFERROR(1/G9,"") | E12: =IFERROR(1/G10,"") | F12: =IFERROR(1/G11,"") | G12: 1 | H12: =1/4 | I12: =1/4
B13: E-06 İş makineleri yakıt verimliliği | C13: =IFERROR(1/H8,"") | D13: =IFERROR(1/H9,"") | E13: =IFERROR(1/H10,"") | F13: =IFERROR(1/H11,"") | G13: =IFERROR(1/H12,"") | H13: 1 | I13: 4
B14: E-07 Lojistik ve dağıtım ağı mesafesi (300 km kriteri) | C14: =IFERROR(1/I8,"") | D14: =IFERROR(1/I9,"") | E14: =IFERROR(1/I10,"") | F14: =IFERROR(1/I11,"") | G14: =IFERROR(1/I12,"") | H14: =IFERROR(1/I13,"") | I14: 1
B17: 2. Normalize matris ve yerel ağırlıklar
C18: E-01 Enerji Kaynağı (Fosil, Elektrik, Yenilenebilir) | D18: E-02 Yıllık toplam enerji tüketimi (kWh/litre) | E18: E-03 Enerji verimliliği artırma uygulamaları | F18: E-04 Yenilenebilir enerji kullanım oranı (%) | G18: E-05 Karbon ayak izi hesaplama durumu | H18: E-06 İş makineleri yakıt verimliliği | I18: E-07 Lojistik ve dağıtım ağı mesafesi (300 km kriteri) | J18: Yerel ağırlık
B19: E-01 Enerji Kaynağı (Fosil, Elektrik, Yenilenebilir) | C19: =IFERROR(C8/C$26,"") | D19: =IFERROR(D8/D$26,"") | E19: =IFERROR(E8/E$26,"") | F19: =IFERROR(F8/F$26,"") | G19: =IFERROR(G8/G$26,"") | H19: =IFERROR(H8/H$26,"") | I19: =IFERROR(I8/I$26,"") | J19: =IFERROR(AVERAGE(C19:I19),"")
B20: E-02 Yıllık toplam enerji tüketimi (kWh/litre) | C20: =IFERROR(C9/C$26,"") | D20: =IFERROR(D9/D$26,"") | E20: =IFERROR(E9/E$26,"") | F20: =IFERROR(F9/F$26,"") | G20: =IFERROR(G9/G$26,"") | H20: =IFERROR(H9/H$26,"") | I20: =IFERROR(I9/I$26,"") | J20: =IFERROR(AVERAGE(C20:I20),"")
B21: E-03 Enerji verimliliği artırma uygulamaları | C21: =IFERROR(C10/C$26,"") | D21: =IFERROR(D10/D$26,"") | E21: =IFERROR(E10/E$26,"") | F21: =IFERROR(F10/F$26,"") | G21: =IFERROR(G10/G$26,"") | H21: =IFERROR(H10/H$26,"") | I21: =IFERROR(I10/I$26,"") | J21: =IFERROR(AVERAGE(C21:I21),"")
B22: E-04 Yenilenebilir enerji kullanım oranı (%) | C22: =IFERROR(C11/C$26,"") | D22: =IFERROR(D11/D$26,"") | E22: =IFERROR(E11/E$26,"") | F22: =IFERROR(F11/F$26,"") | G22: =IFERROR(G11/G$26,"") | H22: =IFERROR(H11/H$26,"") | I22: =IFERROR(I11/I$26,"") | J22: =IFERROR(AVERAGE(C22:I22),"")
B23: E-05 Karbon ayak izi hesaplama durumu | C23: =IFERROR(C12/C$26,"") | D23: =IFERROR(D12/D$26,"") | E23: =IFERROR(E12/E$26,"") | F23: =IFERROR(F12/F$26,"") | G23: =IFERROR(G12/G$26,"") | H23: =IFERROR(H12/H$26,"") | I23: =IFERROR(I12/I$26,"") | J23: =IFERROR(AVERAGE(C23:I23),"")
B24: E-06 İş makineleri yakıt verimliliği | C24: =IFERROR(C13/C$26,"") | D24: =IFERROR(D13/D$26,"") | E24: =IFERROR(E13/E$26,"") | F24: =IFERROR(F13/F$26,"") | G24: =IFERROR(G13/G$26,"") | H24: =IFERROR(H13/H$26,"") | I24: =IFERROR(I13/I$26,"") | J24: =IFERROR(AVERAGE(C24:I24),"")
B25: E-07 Lojistik ve dağıtım ağı mesafesi (300 km kriteri) | C25: =IFERROR(C14/C$26,"") | D25: =IFERROR(D14/D$26,"") | E25: =IFERROR(E14/E$26,"") | F25: =IFERROR(F14/F$26,"") | G25: =IFERROR(G14/G$26,"") | H25: =IFERROR(H14/H$26,"") | I25: =IFERROR(I14/I$26,"") | J25: =IFERROR(AVERAGE(C25:I25),"")
B26: Sütun toplamı | C26: =SUM(C8:C14) | D26: =SUM(D8:D14) | E26: =SUM(E8:E14) | F26: =SUM(F8:F14) | G26: =SUM(G8:G14) | H26: =SUM(H8:H14) | I26: =SUM(I8:I14)
B28: Ağırlık toplamı | J28: =SUM(J19:J25)
B30: 3. Tutarlılık analizi
B31: λmax | J31: =C26*J19+D26*J20+E26*J21+F26*J22+G26*J23+H26*J24+I26*J25
B32: CI | J32: =IFERROR((J31-7)/(7-1),"")
B33: RI (n=7) | J33: 1.32
B34: CR | J34: =IFERROR(J32/J33,"")
B35: Karar | J35: =IF(COUNT(D8,E8,F8,G8,H8,I8,E9,F9,G9,H9,I9,F10,G10,H10,I10,G11,H11,I11,H12,I12,I13)<21,"Veri bekleniyor",IF(J34<=0.1,"Tutarlı (CR ≤ 0,10)","Gözden geçirilmeli (CR > 0,10)"))

Sheet E_SuYonetim
B2: Çevre → Su Yönetimi Göstergeleri AHP
B4: Karşılaştırma düzeyi | C4: Çevre → Su Yönetimi
B6: 1. İkili karşılaştırma matrisi – sarı hücrelere giriş yapınız
C7: E-08 Toplam yıllık su çekimi/tüketimi | D7: E-09 Su kaynakları (Yeraltı, Yüzey, Şebeke) | E7: E-10 Toplam sulanan arazi varlığı (da) | F7: E-11 Su tasarrufu teknikleri (Damla/Yağmurlama) | G7: E-12 Atık su bertaraf ve arıtma yöntemleri | H7: E-13 Sulu Tarım oranı | I7: E-14 Yıllık Yağış | K7: Giriş açıklaması
B8: E-08 Toplam yıllık su çekimi/tüketimi | C8: 1 | D8: 1 | E8: 3 | F8: 3 | G8: 6 | H8: 4 | I8: 6 | K8: Sarı hücrelere Saaty ölçeğinde 1–9 veya ters değerleri giriniz. Yeşil hücreler otomatik ters değerlerdir.
B9: E-09 Su kaynakları (Yeraltı, Yüzey, Şebeke) | C9: =IFERROR(1/D8,"") | D9: 1 | E9: 2 | F9: 2 | G9: 5 | H9: 3 | I9: 4
B10: E-10 Toplam sulanan arazi varlığı (da) | C10: =IFERROR(1/E8,"") | D10: =IFERROR(1/E9,"") | E10: 1 | F10: 0.5 | G10: 3 | H10: 1 | I10: 2
B11: E-11 Su tasarrufu teknikleri (Damla/Yağmurlama) | C11: =IFERROR(1/F8,"") | D11: =IFERROR(1/F9,"") | E11: =IFERROR(1/F10,"") | F11: 1 | G11: 4 | H11: 2 | I11: 3
B12: E-12 Atık su bertaraf ve arıtma yöntemleri | C12: =IFERROR(1/G8,"") | D12: =IFERROR(1/G9,"") | E12: =IFERROR(1/G10,"") | F12: =IFERROR(1/G11,"") | G12: 1 | H12: =1/3 | I12: 0.5
B13: E-13 Sulu Tarım oranı | C13: =IFERROR(1/H8,"") | D13: =IFERROR(1/H9,"") | E13: =IFERROR(1/H10,"") | F13: =IFERROR(1/H11,"") | G13: =IFERROR(1/H12,"") | H13: 1 | I13: 2
B14: E-14 Yıllık Yağış | C14: =IFERROR(1/I8,"") | D14: =IFERROR(1/I9,"") | E14: =IFERROR(1/I10,"") | F14: =IFERROR(1/I11,"") | G14: =IFERROR(1/I12,"") | H14: =IFERROR(1/I13,"") | I14: 1
B17: 2. Normalize matris ve yerel ağırlıklar
C18: E-08 Toplam yıllık su çekimi/tüketimi | D18: E-09 Su kaynakları (Yeraltı, Yüzey, Şebeke) | E18: E-10 Toplam sulanan arazi varlığı (da) | F18: E-11 Su tasarrufu teknikleri (Damla/Yağmurlama) | G18: E-12 Atık su bertaraf ve arıtma yöntemleri | H18: E-13 Sulu Tarım oranı | I18: E-14 Yıllık Yağış | J18: Yerel ağırlık
B19: E-08 Toplam yıllık su çekimi/tüketimi | C19: =IFERROR(C8/C$26,"") | D19: =IFERROR(D8/D$26,"") | E19: =IFERROR(E8/E$26,"") | F19: =IFERROR(F8/F$26,"") | G19: =IFERROR(G8/G$26,"") | H19: =IFERROR(H8/H$26,"") | I19: =IFERROR(I8/I$26,"") | J19: =IFERROR(AVERAGE(C19:I19),"")
B20: E-09 Su kaynakları (Yeraltı, Yüzey, Şebeke) | C20: =IFERROR(C9/C$26,"") | D20: =IFERROR(D9/D$26,"") | E20: =IFERROR(E9/E$26,"") | F20: =IFERROR(F9/F$26,"") | G20: =IFERROR(G9/G$26,"") | H20: =IFERROR(H9/H$26,"") | I20: =IFERROR(I9/I$26,"") | J20: =IFERROR(AVERAGE(C20:I20),"")
B21: E-10 Toplam sulanan arazi varlığı (da) | C21: =IFERROR(C10/C$26,"") | D21: =IFERROR(D10/D$26,"") | E21: =IFERROR(E10/E$26,"") | F21: =IFERROR(F10/F$26,"") | G21: =IFERROR(G10/G$26,"") | H21: =IFERROR(H10/H$26,"") | I21: =IFERROR(I10/I$26,"") | J21: =IFERROR(AVERAGE(C21:I21),"")
B22: E-11 Su tasarrufu teknikleri (Damla/Yağmurlama) | C22: =IFERROR(C11/C$26,"") | D22: =IFERROR(D11/D$26,"") | E22: =IFERROR(E11/E$26,"") | F22: =IFERROR(F11/F$26,"") | G22: =IFERROR(G11/G$26,"") | H22: =IFERROR(H11/H$26,"") | I22: =IFERROR(I11/I$26,"") | J22: =IFERROR(AVERAGE(C22:I22),"")
B23: E-12 Atık su bertaraf ve arıtma yöntemleri | C23: =IFERROR(C12/C$26,"") | D23: =IFERROR(D12/D$26,"") | E23: =IFERROR(E12/E$26,"") | F23: =IFERROR(F12/F$26,"") | G23: =IFERROR(G12/G$26,"") | H23: =IFERROR(H12/H$26,"") | I23: =IFERROR(I12/I$26,"") | J23: =IFERROR(AVERAGE(C23:I23),"")
B24: E-13 Sulu Tarım oranı | C24: =IFERROR(C13/C$26,"") | D24: =IFERROR(D13/D$26,"") | E24: =IFERROR(E13/E$26,"") | F24: =IFERROR(F13/F$26,"") | G24: =IFERROR(G13/G$26,"") | H24: =IFERROR(H13/H$26,"") | I24: =IFERROR(I13/I$26,"") | J24: =IFERROR(AVERAGE(C24:I24),"")
B25: E-14 Yıllık Yağış | C25: =IFERROR(C14/C$26,"") | D25: =IFERROR(D14/D$26,"") | E25: =IFERROR(E14/E$26,"") | F25: =IFERROR(F14/F$26,"") | G25: =IFERROR(G14/G$26,"") | H25: =IFERROR(H14/H$26,"") | I25: =IFERROR(I14/I$26,"") | J25: =IFERROR(AVERAGE(C25:I25),"")
B26: Sütun toplamı | C26: =SUM(C8:C14) | D26: =SUM(D8:D14) | E26: =SUM(E8:E14) | F26: =SUM(F8:F14) | G26: =SUM(G8:G14) | H26: =SUM(H8:H14) | I26: =SUM(I8:I14)
B28: Ağırlık toplamı | J28: =SUM(J19:J25)
B30: 3. Tutarlılık analizi
B31: λmax | J31: =C26*J19+D26*J20+E26*J21+F26*J22+G26*J23+H26*J24+I26*J25
B32: CI | J32: =IFERROR((J31-7)/(7-1),"")
B33: RI (n=7) | J33: 1.32
B34: CR | J34: =IFERROR(J32/J33,"")
B35: Karar | J35: =IF(COUNT(D8,E8,F8,G8,H8,I8,E9,F9,G9,H9,I9,F10,G10,H10,I10,G11,H11,I11,H12,I12,I13)<21,"Veri bekleniyor",IF(J34<=0.1,"Tutarlı (CR ≤ 0,10)","Gözden geçirilmeli (CR > 0,10)"))

Sheet E_BiyoToprak
B2: Çevre → Biyoçeşitlilik ve Toprak Göstergeleri AHP
B4: Karşılaştırma düzeyi | C4: Çevre → Biyoçeşitlilik ve Toprak
B6: 1. İkili karşılaştırma matrisi – sarı hücrelere giriş yapınız
C7: E-15 Korunan alanlara veya hassas ekosistemlere yakınlık | D7: E-16 Biyoçeşitliliği destekleme projeleri | E7: E-17 Toprak analizi | F7: E-18 Münavebe | G7: E-19 Erozyonla mücadele | I7: Giriş açıklaması
B8: E-15 Korunan alanlara veya hassas ekosistemlere yakınlık | C8: 1 | D8: 0.5 | E8: 6 | F8: 3 | G8: 4 | I8: Sarı hücrelere Saaty ölçeğinde 1–9 veya ters değerleri giriniz. Yeşil hücreler otomatik ters değerlerdir.
B9: E-16 Biyoçeşitliliği destekleme projeleri | C9: =IFERROR(1/D8,"") | D9: 1 | E9: 7 | F9: 4 | G9: 5
B10: E-17 Toprak analizi | C10: =IFERROR(1/E8,"") | D10: =IFERROR(1/E9,"") | E10: 1 | F10: 0.5 | G10: 0.25
B11: E-18 Münavebe | C11: =IFERROR(1/F8,"") | D11: =IFERROR(1/F9,"") | E11: =IFERROR(1/F10,"") | F11: 1 | G11: 0.5
B12: E-19 Erozyonla mücadele | C12: =IFERROR(1/G8,"") | D12: =IFERROR(1/G9,"") | E12: =IFERROR(1/G10,"") | F12: =IFERROR(1/G11,"") | G12: 1
B15: 2. Normalize matris ve yerel ağırlıklar
C16: E-15 Korunan alanlara veya hassas ekosistemlere yakınlık | D16: E-16 Biyoçeşitliliği destekleme projeleri | E16: E-17 Toprak analizi | F16: E-18 Münavebe | G16: E-19 Erozyonla mücadele | H16: Yerel ağırlık
B17: E-15 Korunan alanlara veya hassas ekosistemlere yakınlık | C17: =IFERROR(C8/C$22,"") | D17: =IFERROR(D8/D$22,"") | E17: =IFERROR(E8/E$22,"") | F17: =IFERROR(F8/F$22,"") | G17: =IFERROR(G8/G$22,"") | H17: =IFERROR(AVERAGE(C17:G17),"")
B18: E-16 Biyoçeşitliliği destekleme projeleri | C18: =IFERROR(C9/C$22,"") | D18: =IFERROR(D9/D$22,"") | E18: =IFERROR(E9/E$22,"") | F18: =IFERROR(F9/F$22,"") | G18: =IFERROR(G9/G$22,"") | H18: =IFERROR(AVERAGE(C18:G18),"")
B19: E-17 Toprak analizi | C19: =IFERROR(C10/C$22,"") | D19: =IFERROR(D10/D$22,"") | E19: =IFERROR(E10/E$22,"") | F19: =IFERROR(F10/F$22,"") | G19: =IFERROR(G10/G$22,"") | H19: =IFERROR(AVERAGE(C19:G19),"")
B20: E-18 Münavebe | C20: =IFERROR(C11/C$22,"") | D20: =IFERROR(D11/D$22,"") | E20: =IFERROR(E11/E$22,"") | F20: =IFERROR(F11/F$22,"") | G20: =IFERROR(G11/G$22,"") | H20: =IFERROR(AVERAGE(C20:G20),"")
B21: E-19 Erozyonla mücadele | C21: =IFERROR(C12/C$22,"") | D21: =IFERROR(D12/D$22,"") | E21: =IFERROR(E12/E$22,"") | F21: =IFERROR(F12/F$22,"") | G21: =IFERROR(G12/G$22,"") | H21: =IFERROR(AVERAGE(C21:G21),"")
B22: Sütun toplamı | C22: =SUM(C8:C12) | D22: =SUM(D8:D12) | E22: =SUM(E8:E12) | F22: =SUM(F8:F12) | G22: =SUM(G8:G12)
B24: Ağırlık toplamı | H24: =SUM(H17:H21)
B26: 3. Tutarlılık analizi
B27: λmax | H27: =C22*H17+D22*H18+E22*H19+F22*H20+G22*H21
B28: CI | H28: =IFERROR((H27-5)/(5-1),"")
B29: RI (n=5) | H29: 1.12
B30: CR | H30: =IFERROR(H28/H29,"")
B31: Karar | H31: =IF(COUNT(D8,E8,F8,G8,E9,F9,G9,F10,G10,G11)<10,"Veri bekleniyor",IF(H30<=0.1,"Tutarlı (CR ≤ 0,10)","Gözden geçirilmeli (CR > 0,10)"))

Sheet E_AtikKimya
B2: Çevre → Atıklar ve Kimyasallar Göstergeleri AHP
B4: Karşılaştırma düzeyi | C4: Çevre → Atıklar ve Kimyasallar
B6: 1. İkili karşılaştırma matrisi – sarı hücrelere giriş yapınız
C7: E-20 Gübre Kullanımı (Organik/İnorganik) | D7: E-21 Hayvansal gübre yönetimi | E7: E-22 Kimyasal İlaç Kullanımı | F7: E-23 Biyolojik mücadele | G7: E-24 Tehlikeli Atık Bertarafı | H7: E-25 Kimyasal Muhafaza Depoları | I7: E-26 Ambalaj | K7: Giriş açıklaması
B8: E-20 Gübre Kullanımı (Organik/İnorganik) | C8: 1 | D8: 4 | E8: 2 | F8: 5 | G8: 6 | H8: 5 | I8: 7 | K8: Sarı hücrelere Saaty ölçeğinde 1–9 veya ters değerleri giriniz. Yeşil hücreler otomatik ters değerlerdir.
B9: E-21 Hayvansal gübre yönetimi | C9: =IFERROR(1/D8,"") | D9: 1 | E9: 0.5 | F9: 3 | G9: 4 | H9: 3 | I9: 5
B10: E-22 Kimyasal İlaç Kullanımı | C10: =IFERROR(1/E8,"") | D10: =IFERROR(1/E9,"") | E10: 1 | F10: 2 | G10: 5 | H10: 4 | I10: 6
B11: E-23 Biyolojik mücadele | C11: =IFERROR(1/F8,"") | D11: =IFERROR(1/F9,"") | E11: =IFERROR(1/F10,"") | F11: 1 | G11: 3 | H11: 2 | I11: 4
B12: E-24 Tehlikeli Atık Bertarafı | C12: =IFERROR(1/G8,"") | D12: =IFERROR(1/G9,"") | E12: =IFERROR(1/G10,"") | F12: =IFERROR(1/G11,"") | G12: 1 | H12: 0.5 | I12: 2
B13: E-25 Kimyasal Muhafaza Depoları | C13: =IFERROR(1/H8,"") | D13: =IFERROR(1/H9,"") | E13: =IFERROR(1/H10,"") | F13: =IFERROR(1/H11,"") | G13: =IFERROR(1/H12,"") | H13: 1 | I13: 3
B14: E-26 Ambalaj | C14: =IFERROR(1/I8,"") | D14: =IFERROR(1/I9,"") | E14: =IFERROR(1/I10,"") | F14: =IFERROR(1/I11,"") | G14: =IFERROR(1/I12,"") | H14: =IFERROR(1/I13,"") | I14: 1
B17: 2. Normalize matris ve yerel ağırlıklar
C18: E-20 Gübre Kullanımı (Organik/İnorganik) | D18: E-21 Hayvansal gübre yönetimi | E18: E-22 Kimyasal İlaç Kullanımı | F18: E-23 Biyolojik mücadele | G18: E-24 Tehlikeli Atık Bertarafı | H18: E-25 Kimyasal Muhafaza Depoları | I18: E-26 Ambalaj | J18: Yerel ağırlık
B19: E-20 Gübre Kullanımı (Organik/İnorganik) | C19: =IFERROR(C8/C$26,"") | D19: =IFERROR(D8/D$26,"") | E19: =IFERROR(E8/E$26,"") | F19: =IFERROR(F8/F$26,"") | G19: =IFERROR(G8/G$26,"") | H19: =IFERROR(H8/H$26,"") | I19: =IFERROR(I8/I$26,"") | J19: =IFERROR(AVERAGE(C19:I19),"")
B20: E-21 Hayvansal gübre yönetimi | C20: =IFERROR(C9/C$26,"") | D20: =IFERROR(D9/D$26,"") | E20: =IFERROR(E9/E$26,"") | F20: =IFERROR(F9/F$26,"") | G20: =IFERROR(G9/G$26,"") | H20: =IFERROR(H9/H$26,"") | I20: =IFERROR(I9/I$26,"") | J20: =IFERROR(AVERAGE(C20:I20),"")
B21: E-22 Kimyasal İlaç Kullanımı | C21: =IFERROR(C10/C$26,"") | D21: =IFERROR(D10/D$26,"") | E21: =IFERROR(E10/E$26,"") | F21: =IFERROR(F10/F$26,"") | G21: =IFERROR(G10/G$26,"") | H21: =IFERROR(H10/H$26,"") | I21: =IFERROR(I10/I$26,"") | J21: =IFERROR(AVERAGE(C21:I21),"")
B22: E-23 Biyolojik mücadele | C22: =IFERROR(C11/C$26,"") | D22: =IFERROR(D11/D$26,"") | E22: =IFERROR(E11/E$26,"") | F22: =IFERROR(F11/F$26,"") | G22: =IFERROR(G11/G$26,"") | H22: =IFERROR(H11/H$26,"") | I22: =IFERROR(I11/I$26,"") | J22: =IFERROR(AVERAGE(C22:I22),"")
B23: E-24 Tehlikeli Atık Bertarafı | C23: =IFERROR(C12/C$26,"") | D23: =IFERROR(D12/D$26,"") | E23: =IFERROR(E12/E$26,"") | F23: =IFERROR(F12/F$26,"") | G23: =IFERROR(G12/G$26,"") | H23: =IFERROR(H12/H$26,"") | I23: =IFERROR(I12/I$26,"") | J23: =IFERROR(AVERAGE(C23:I23),"")
B24: E-25 Kimyasal Muhafaza Depoları | C24: =IFERROR(C13/C$26,"") | D24: =IFERROR(D13/D$26,"") | E24: =IFERROR(E13/E$26,"") | F24: =IFERROR(F13/F$26,"") | G24: =IFERROR(G13/G$26,"") | H24: =IFERROR(H13/H$26,"") | I24: =IFERROR(I13/I$26,"") | J24: =IFERROR(AVERAGE(C24:I24),"")
B25: E-26 Ambalaj | C25: =IFERROR(C14/C$26,"") | D25: =IFERROR(D14/D$26,"") | E25: =IFERROR(E14/E$26,"") | F25: =IFERROR(F14/F$26,"") | G25: =IFERROR(G14/G$26,"") | H25: =IFERROR(H14/H$26,"") | I25: =IFERROR(I14/I$26,"") | J25: =IFERROR(AVERAGE(C25:I25),"")
B26: Sütun toplamı | C26: =SUM(C8:C14) | D26: =SUM(D8:D14) | E26: =SUM(E8:E14) | F26: =SUM(F8:F14) | G26: =SUM(G8:G14) | H26: =SUM(H8:H14) | I26: =SUM(I8:I14)
B28: Ağırlık toplamı | J28: =SUM(J19:J25)
B30: 3. Tutarlılık analizi
B31: λmax | J31: =C26*J19+D26*J20+E26*J21+F26*J22+G26*J23+H26*J24+I26*J25
B32: CI | J32: =IFERROR((J31-7)/(7-1),"")
B33: RI (n=7) | J33: 1.32
B34: CR | J34: =IFERROR(J32/J33,"")
B35: Karar | J35: =IF(COUNT(D8,E8,F8,G8,H8,I8,E9,F9,G9,H9,I9,F10,G10,H10,I10,G11,H11,I11,H12,I12,I13)<21,"Veri bekleniyor",IF(J34<=0.1,"Tutarlı (CR ≤ 0,10)","Gözden geçirilmeli (CR > 0,10)"))

Sheet S_AltGruplar
B2: Sosyal Ana Bloğu Alt Grupları AHP
B4: Karşılaştırma düzeyi | C4: Sosyal ana bloğu alt grup karşılaştırması
B6: 1. İkili karşılaştırma matrisi – sarı hücrelere giriş yapınız
C7: İşgücü / İstihdam | D7: Çalışma Koşulları | E7: Toplum/Kişisel Koruma | G7: Giriş açıklaması
B8: İşgücü / İstihdam | C8: 1 | D8: 2 | E8: 0.5 | G8: Sarı hücrelere Saaty ölçeğinde 1–9 veya ters değerleri giriniz. Yeşil hücreler otomatik ters değerlerdir.
B9: Çalışma Koşulları | C9: =IFERROR(1/D8,"") | D9: 1 | E9: =1/3
B10: Toplum/Kişisel Koruma | C10: =IFERROR(1/E8,"") | D10: =IFERROR(1/E9,"") | E10: 1
B13: 2. Normalize matris ve yerel ağırlıklar
C14: İşgücü / İstihdam | D14: Çalışma Koşulları | E14: Toplum/Kişisel Koruma | F14: Yerel ağırlık
B15: İşgücü / İstihdam | C15: =IFERROR(C8/C$18,"") | D15: =IFERROR(D8/D$18,"") | E15: =IFERROR(E8/E$18,"") | F15: =IFERROR(AVERAGE(C15:E15),"")
B16: Çalışma Koşulları | C16: =IFERROR(C9/C$18,"") | D16: =IFERROR(D9/D$18,"") | E16: =IFERROR(E9/E$18,"") | F16: =IFERROR(AVERAGE(C16:E16),"")
B17: Toplum/Kişisel Koruma | C17: =IFERROR(C10/C$18,"") | D17: =IFERROR(D10/D$18,"") | E17: =IFERROR(E10/E$18,"") | F17: =IFERROR(AVERAGE(C17:E17),"")
B18: Sütun toplamı | C18: =SUM(C8:C10) | D18: =SUM(D8:D10) | E18: =SUM(E8:E10)
B20: Ağırlık toplamı | F20: =SUM(F15:F17)
B22: 3. Tutarlılık analizi
B23: λmax | F23: =C18*F15+D18*F16+E18*F17
B24: CI | F24: =IFERROR((F23-3)/(3-1),"")
B25: RI (n=3) | F25: 0.58
B26: CR | F26: =IFERROR(F24/F25,"")
B27: Karar | F27: =IF(COUNT(D8,E8,E9)<3,"Veri bekleniyor",IF(F26<=0.1,"Tutarlı (CR ≤ 0,10)","Gözden geçirilmeli (CR > 0,10)"))

Sheet S_IsgucuIst
B2: Sosyal → İşgücü / İstihdam Göstergeleri AHP
B4: Karşılaştırma düzeyi | C4: Sosyal → İşgücü / İstihdam
B6: 1. İkili karşılaştırma matrisi – sarı hücrelere giriş yapınız
C7: S-27 Kadro Dağılımları | D7: S-28 Taşeron oranı | E7: S-29 Yaş Dağılımı | F7: S-30 Sendikalılık | G7: S-31 Çalışma Süreleri | H7: S-32 Eğitim | I7: S-33 Cinsiyet | J7: S-34 Devir Daim Hızı | K7: S-35 Eski Hükümlü/Engelli personel | M7: Giriş açıklaması
B8: S-27 Kadro Dağılımları | C8: 1 | D8: 2 | E8: 3 | F8: 6 | G8: 4 | H8: 4 | I8: 5 | J8: 6 | K8: 8 | M8: Sarı hücrelere Saaty ölçeğinde 1–9 veya ters değerleri giriniz. Yeşil hücreler otomatik ters değerlerdir.
B9: S-28 Taşeron oranı | C9: =IFERROR(1/D8,"") | D9: 1 | E9: 2 | F9: 5 | G9: 3 | H9: 3 | I9: 4 | J9: 5 | K9: 7
B10: S-29 Yaş Dağılımı | C10: =IFERROR(1/E8,"") | D10: =IFERROR(1/E9,"") | E10: 1 | F10: 4 | G10: 2 | H10: 0.5 | I10: 2 | J10: 4 | K10: 6
B11: S-30 Sendikalılık | C11: =IFERROR(1/F8,"") | D11: =IFERROR(1/F9,"") | E11: =IFERROR(1/F10,"") | F11: 1 | G11: =1/3 | H11: 0.25 | I11: 0.2 | J11: 0.2 | K11: 2
B12: S-31 Çalışma Süreleri | C12: =IFERROR(1/G8,"") | D12: =IFERROR(1/G9,"") | E12: =IFERROR(1/G10,"") | F12: =IFERROR(1/G11,"") | G12: 1 | H12: =1/3 | I12: 0.5 | J12: 0.5 | K12: 5
B13: S-32 Eğitim | C13: =IFERROR(1/H8,"") | D13: =IFERROR(1/H9,"") | E13: =IFERROR(1/H10,"") | F13: =IFERROR(1/H11,"") | G13: =IFERROR(1/H12,"") | H13: 1 | I13: 3 | J13: 4 | K13: 6
B14: S-33 Cinsiyet | C14: =IFERROR(1/I8,"") | D14: =IFERROR(1/I9,"") | E14: =IFERROR(1/I10,"") | F14: =IFERROR(1/I11,"") | G14: =IFERROR(1/I12,"") | H14: =IFERROR(1/I13,"") | I14: 1 | J14: 2 | K14: 5
B15: S-34 Devir Daim Hızı | C15: =IFERROR(1/J8,"") | D15: =IFERROR(1/J9,"") | E15: =IFERROR(1/J10,"") | F15: =IFERROR(1/J11,"") | G15: =IFERROR(1/J12,"") | H15: =IFERROR(1/J13,"") | I15: =IFERROR(1/J14,"") | J15: 1 | K15: 3
B16: S-35 Eski Hükümlü/Engelli personel | C16: =IFERROR(1/K8,"") | D16: =IFERROR(1/K9,"") | E16: =IFERROR(1/K10,"") | F16: =IFERROR(1/K11,"") | G16: =IFERROR(1/K12,"") | H16: =IFERROR(1/K13,"") | I16: =IFERROR(1/K14,"") | J16: =IFERROR(1/K15,"") | K16: 1
B19: 2. Normalize matris ve yerel ağırlıklar
C20: S-27 Kadro Dağılımları | D20: S-28 Taşeron oranı | E20: S-29 Yaş Dağılımı | F20: S-30 Sendikalılık | G20: S-31 Çalışma Süreleri | H20: S-32 Eğitim | I20: S-33 Cinsiyet | J20: S-34 Devir Daim Hızı | K20: S-35 Eski Hükümlü/Engelli personel | L20: Yerel ağırlık
B21: S-27 Kadro Dağılımları | C21: =IFERROR(C8/C$30,"") | D21: =IFERROR(D8/D$30,"") | E21: =IFERROR(E8/E$30,"") | F21: =IFERROR(F8/F$30,"") | G21: =IFERROR(G8/G$30,"") | H21: =IFERROR(H8/H$30,"") | I21: =IFERROR(I8/I$30,"") | J21: =IFERROR(J8/J$30,"") | K21: =IFERROR(K8/K$30,"") | L21: =IFERROR(AVERAGE(C21:K21),"")
B22: S-28 Taşeron oranı | C22: =IFERROR(C9/C$30,"") | D22: =IFERROR(D9/D$30,"") | E22: =IFERROR(E9/E$30,"") | F22: =IFERROR(F9/F$30,"") | G22: =IFERROR(G9/G$30,"") | H22: =IFERROR(H9/H$30,"") | I22: =IFERROR(I9/I$30,"") | J22: =IFERROR(J9/J$30,"") | K22: =IFERROR(K9/K$30,"") | L22: =IFERROR(AVERAGE(C22:K22),"")
B23: S-29 Yaş Dağılımı | C23: =IFERROR(C10/C$30,"") | D23: =IFERROR(D10/D$30,"") | E23: =IFERROR(E10/E$30,"") | F23: =IFERROR(F10/F$30,"") | G23: =IFERROR(G10/G$30,"") | H23: =IFERROR(H10/H$30,"") | I23: =IFERROR(I10/I$30,"") | J23: =IFERROR(J10/J$30,"") | K23: =IFERROR(K10/K$30,"") | L23: =IFERROR(AVERAGE(C23:K23),"")
B24: S-30 Sendikalılık | C24: =IFERROR(C11/C$30,"") | D24: =IFERROR(D11/D$30,"") | E24: =IFERROR(E11/E$30,"") | F24: =IFERROR(F11/F$30,"") | G24: =IFERROR(G11/G$30,"") | H24: =IFERROR(H11/H$30,"") | I24: =IFERROR(I11/I$30,"") | J24: =IFERROR(J11/J$30,"") | K24: =IFERROR(K11/K$30,"") | L24: =IFERROR(AVERAGE(C24:K24),"")
B25: S-31 Çalışma Süreleri | C25: =IFERROR(C12/C$30,"") | D25: =IFERROR(D12/D$30,"") | E25: =IFERROR(E12/E$30,"") | F25: =IFERROR(F12/F$30,"") | G25: =IFERROR(G12/G$30,"") | H25: =IFERROR(H12/H$30,"") | I25: =IFERROR(I12/I$30,"") | J25: =IFERROR(J12/J$30,"") | K25: =IFERROR(K12/K$30,"") | L25: =IFERROR(AVERAGE(C25:K25),"")
B26: S-32 Eğitim | C26: =IFERROR(C13/C$30,"") | D26: =IFERROR(D13/D$30,"") | E26: =IFERROR(E13/E$30,"") | F26: =IFERROR(F13/F$30,"") | G26: =IFERROR(G13/G$30,"") | H26: =IFERROR(H13/H$30,"") | I26: =IFERROR(I13/I$30,"") | J26: =IFERROR(J13/J$30,"") | K26: =IFERROR(K13/K$30,"") | L26: =IFERROR(AVERAGE(C26:K26),"")
B27: S-33 Cinsiyet | C27: =IFERROR(C14/C$30,"") | D27: =IFERROR(D14/D$30,"") | E27: =IFERROR(E14/E$30,"") | F27: =IFERROR(F14/F$30,"") | G27: =IFERROR(G14/G$30,"") | H27: =IFERROR(H14/H$30,"") | I27: =IFERROR(I14/I$30,"") | J27: =IFERROR(J14/J$30,"") | K27: =IFERROR(K14/K$30,"") | L27: =IFERROR(AVERAGE(C27:K27),"")
B28: S-34 Devir Daim Hızı | C28: =IFERROR(C15/C$30,"") | D28: =IFERROR(D15/D$30,"") | E28: =IFERROR(E15/E$30,"") | F28: =IFERROR(F15/F$30,"") | G28: =IFERROR(G15/G$30,"") | H28: =IFERROR(H15/H$30,"") | I28: =IFERROR(I15/I$30,"") | J28: =IFERROR(J15/J$30,"") | K28: =IFERROR(K15/K$30,"") | L28: =IFERROR(AVERAGE(C28:K28),"")
B29: S-35 Eski Hükümlü/Engelli personel | C29: =IFERROR(C16/C$30,"") | D29: =IFERROR(D16/D$30,"") | E29: =IFERROR(E16/E$30,"") | F29: =IFERROR(F16/F$30,"") | G29: =IFERROR(G16/G$30,"") | H29: =IFERROR(H16/H$30,"") | I29: =IFERROR(I16/I$30,"") | J29: =IFERROR(J16/J$30,"") | K29: =IFERROR(K16/K$30,"") | L29: =IFERROR(AVERAGE(C29:K29),"")
B30: Sütun toplamı | C30: =SUM(C8:C16) | D30: =SUM(D8:D16) | E30: =SUM(E8:E16) | F30: =SUM(F8:F16) | G30: =SUM(G8:G16) | H30: =SUM(H8:H16) | I30: =SUM(I8:I16) | J30: =SUM(J8:J16) | K30: =SUM(K8:K16)
B32: Ağırlık toplamı | L32: =SUM(L21:L29)
B34: 3. Tutarlılık analizi
B35: λmax | L35: =C30*L21+D30*L22+E30*L23+F30*L24+G30*L25+H30*L26+I30*L27+J30*L28+K30*L29
B36: CI | L36: =IFERROR((L35-9)/(9-1),"")
B37: RI (n=9) | L37: 1.45
B38: CR | L38: =IFERROR(L36/L37,"")
B39: Karar | L39: =IF(COUNT(D8,E8,F8,G8,H8,I8,J8,K8,E9,F9,G9,H9,I9,J9,K9,F10,G10,H10,I10,J10,K10,G11,H11,I11,J11,K11,H12,I12,J12,K12,I13,J13,K13,J14,K14,K15)<36,"Veri bekleniyor",IF(L38<=0.1,"Tutarlı (CR ≤ 0,10)","Gözden geçirilmeli (CR > 0,10)"))

Sheet S_CalismaKos
B2: Sosyal → Çalışma Koşulları Göstergeleri AHP
B4: Karşılaştırma düzeyi | C4: Sosyal → Çalışma Koşulları
B6: 1. İkili karşılaştırma matrisi – sarı hücrelere giriş yapınız
C7: S-36 Ortalama fazla mesai süreleri | D7: S-37 Stajyer sayısı | E7: S-38 Çalışanlar tarafından açılan davalar | F7: S-39 Memnuniyet anketleri/şikayetler | G7: S-40 İş kazaları | H7: S-41 Meslek Hastalıkları | I7: S-42 İSG (Eğitimler/İSG Uzmanı istihdamı) | J7: S-43 Sağlık Hizmetleri | K7: Yerel ağırlık | L7: Giriş açıklaması
B8: S-36 Ortalama fazla mesai süreleri | C8: 1 | D8: 3 | E8: =1/3 | F8: 2 | G8: =1/3 | H8: 0.5 | I8: 0.25 | J8: 0.5 | L8: Sarı hücrelere Saaty ölçeğinde 1–9 veya ters değerleri giriniz. Yeşil hücreler otomatik ters değerlerdir.
B9: S-37 Stajyer sayısı | C9: =IFERROR(1/D8,"") | D9: 1 | E9: 0.25 | F9: 0.5 | G9: 0.2 | H9: 0.2 | I9: 0.2 | J9: 0.2
B10: S-38 Çalışanlar tarafından açılan davalar | C10: =IFERROR(1/E8,"") | D10: =IFERROR(1/E9,"") | E10: 1 | F10: 4 | G10: 0.5 | H10: 2 | I10: 3 | J10: 5
B11: S-39 Memnuniyet anketleri/şikayetler | C11: =IFERROR(1/F8,"") | D11: =IFERROR(1/F9,"") | E11: =IFERROR(1/F10,"") | F11: 1 | G11: 0.2 | H11: 0.25 | I11: 0.2 | J11: 0.5
B12: S-40 İş kazaları | C12: =IFERROR(1/G8,"") | D12: =IFERROR(1/G9,"") | E12: =IFERROR(1/G10,"") | F12: =IFERROR(1/G11,"") | G12: 1 | H12: 3 | I12: 4 | J12: 5
B13: S-41 Meslek Hastalıkları | C13: =IFERROR(1/H8,"") | D13: =IFERROR(1/H9,"") | E13: =IFERROR(1/H10,"") | F13: =IFERROR(1/H11,"") | G13: =IFERROR(1/H12,"") | H13: 1 | I13: 0.5 | J13: 2
B14: S-42 İSG (Eğitimler/İSG Uzmanı istihdamı) | C14: =IFERROR(1/I8,"") | D14: =IFERROR(1/I9,"") | E14: =IFERROR(1/I10,"") | F14: =IFERROR(1/I11,"") | G14: =IFERROR(1/I12,"") | H14: =IFERROR(1/I13,"") | I14: 1 | J14: 3
B15: S-43 Sağlık Hizmetleri | C15: =IFERROR(1/J8,"") | D15: =IFERROR(1/J9,"") | E15: =IFERROR(1/J10,"") | F15: =IFERROR(1/J11,"") | G15: =IFERROR(1/J12,"") | H15: =IFERROR(1/J13,"") | I15: =IFERROR(1/J14,"") | J15: 1
B18: 2. Normalize matris ve yerel ağırlıklar
C19: S-36 Ortalama fazla mesai süreleri | D19: S-37 Stajyer sayısı | E19: S-38 Çalışanlar tarafından açılan davalar | F19: S-39 Memnuniyet anketleri/şikayetler | G19: S-40 İş kazaları | H19: S-41 Meslek Hastalıkları | I19: S-42 İSG (Eğitimler/İSG Uzmanı istihdamı) | J19: S-43 Sağlık Hizmetleri | K19: Yerel ağırlık
B20: S-36 Ortalama fazla mesai süreleri | C20: =IFERROR(C8/C$28,"") | D20: =IFERROR(D8/D$28,"") | E20: =IFERROR(E8/E$28,"") | F20: =IFERROR(F8/F$28,"") | G20: =IFERROR(G8/G$28,"") | H20: =IFERROR(H8/H$28,"") | I20: =IFERROR(I8/I$28,"") | J20: =IFERROR(J8/J$28,"") | K20: =IFERROR(AVERAGE(C20:J20),"")
B21: S-37 Stajyer sayısı | C21: =IFERROR(C9/C$28,"") | D21: =IFERROR(D9/D$28,"") | E21: =IFERROR(E9/E$28,"") | F21: =IFERROR(F9/F$28,"") | G21: =IFERROR(G9/G$28,"") | H21: =IFERROR(H9/H$28,"") | I21: =IFERROR(I9/I$28,"") | J21: =IFERROR(J9/J$28,"") | K21: =IFERROR(AVERAGE(C21:J21),"")
B22: S-38 Çalışanlar tarafından açılan davalar | C22: =IFERROR(C10/C$28,"") | D22: =IFERROR(D10/D$28,"") | E22: =IFERROR(E10/E$28,"") | F22: =IFERROR(F10/F$28,"") | G22: =IFERROR(G10/G$28,"") | H22: =IFERROR(H10/H$28,"") | I22: =IFERROR(I10/I$28,"") | J22: =IFERROR(J10/J$28,"") | K22: =IFERROR(AVERAGE(C22:J22),"")
B23: S-39 Memnuniyet anketleri/şikayetler | C23: =IFERROR(C11/C$28,"") | D23: =IFERROR(D11/D$28,"") | E23: =IFERROR(E11/E$28,"") | F23: =IFERROR(F11/F$28,"") | G23: =IFERROR(G11/G$28,"") | H23: =IFERROR(H11/H$28,"") | I23: =IFERROR(I11/I$28,"") | J23: =IFERROR(J11/J$28,"") | K23: =IFERROR(AVERAGE(C23:J23),"")
B24: S-40 İş kazaları | C24: =IFERROR(C12/C$28,"") | D24: =IFERROR(D12/D$28,"") | E24: =IFERROR(E12/E$28,"") | F24: =IFERROR(F12/F$28,"") | G24: =IFERROR(G12/G$28,"") | H24: =IFERROR(H12/H$28,"") | I24: =IFERROR(I12/I$28,"") | J24: =IFERROR(J12/J$28,"") | K24: =IFERROR(AVERAGE(C24:J24),"")
B25: S-41 Meslek Hastalıkları | C25: =IFERROR(C13/C$28,"") | D25: =IFERROR(D13/D$28,"") | E25: =IFERROR(E13/E$28,"") | F25: =IFERROR(F13/F$28,"") | G25: =IFERROR(G13/G$28,"") | H25: =IFERROR(H13/H$28,"") | I25: =IFERROR(I13/I$28,"") | J25: =IFERROR(J13/J$28,"") | K25: =IFERROR(AVERAGE(C25:J25),"")
B26: S-42 İSG (Eğitimler/İSG Uzmanı istihdamı) | C26: =IFERROR(C14/C$28,"") | D26: =IFERROR(D14/D$28,"") | E26: =IFERROR(E14/E$28,"") | F26: =IFERROR(F14/F$28,"") | G26: =IFERROR(G14/G$28,"") | H26: =IFERROR(H14/H$28,"") | I26: =IFERROR(I14/I$28,"") | J26: =IFERROR(J14/J$28,"") | K26: =IFERROR(AVERAGE(C26:J26),"")
B27: S-43 Sağlık Hizmetleri | C27: =IFERROR(C15/C$28,"") | D27: =IFERROR(D15/D$28,"") | E27: =IFERROR(E15/E$28,"") | F27: =IFERROR(F15/F$28,"") | G27: =IFERROR(G15/G$28,"") | H27: =IFERROR(H15/H$28,"") | I27: =IFERROR(I15/I$28,"") | J27: =IFERROR(J15/J$28,"") | K27: =IFERROR(AVERAGE(C27:J27),"")
B28: Sütun toplamı | C28: =SUM(C8:C15) | D28: =SUM(D8:D15) | E28: =SUM(E8:E15) | F28: =SUM(F8:F15) | G28: =SUM(G8:G15) | H28: =SUM(H8:H15) | I28: =SUM(I8:I15) | J28: =SUM(J8:J15)
B30: Ağırlık toplamı | K30: =SUM(K20:K27)
B32: 3. Tutarlılık analizi
B33: λmax | K33: =C28*K20+D28*K21+E28*K22+F28*K23+G28*K24+H28*K25+I28*K26+J28*K27
B34: CI | K34: =IFERROR((K33-8)/(8-1),"")
B35: RI (n=8) | K35: 1.41
B36: CR | K36: =IFERROR(K34/K35,"")
B37: Karar | K37: =IF(COUNT(D8,E8,F8,G8,H8,I8,J8,E9,F9,G9,H9,I9,J9,F10,G10,H10,I10,J10,G11,H11,I11,J11,H12,I12,J12,I13,J13,J14)<28,"Veri bekleniyor",IF(K36<=0.1,"Tutarlı (CR ≤ 0,10)","Gözden geçirilmeli (CR > 0,10)"))

Sheet S_ToplumKor
B2: Sosyal → Toplum / Kişisel Koruma Göstergeleri AHP
B4: Karşılaştırma düzeyi | C4: Sosyal → Toplum / Kişisel Koruma
B6: 1. İkili karşılaştırma matrisi – sarı hücrelere giriş yapınız
C7: S-44 KKD | D7: S-45 Yerel Topluluklara fayda | E7: S-46 Mesleki eğitimler | G7: Giriş açıklaması
B8: S-44 KKD | C8: 1 | D8: 3 | E8: 5 | G8: Sarı hücrelere Saaty ölçeğinde 1–9 veya ters değerleri giriniz. Yeşil hücreler otomatik ters değerlerdir.
B9: S-45 Yerel Topluluklara fayda | C9: =IFERROR(1/D8,"") | D9: 1 | E9: 2
B10: S-46 Mesleki eğitimler | C10: =IFERROR(1/E8,"") | D10: =IFERROR(1/E9,"") | E10: 1
B13: 2. Normalize matris ve yerel ağırlıklar
C14: S-44 KKD | D14: S-45 Yerel Topluluklara fayda | E14: S-46 Mesleki eğitimler | F14: Yerel ağırlık
B15: S-44 KKD | C15: =IFERROR(C8/C$18,"") | D15: =IFERROR(D8/D$18,"") | E15: =IFERROR(E8/E$18,"") | F15: =IFERROR(AVERAGE(C15:E15),"")
B16: S-45 Yerel Topluluklara fayda | C16: =IFERROR(C9/C$18,"") | D16: =IFERROR(D9/D$18,"") | E16: =IFERROR(E9/E$18,"") | F16: =IFERROR(AVERAGE(C16:E16),"")
B17: S-46 Mesleki eğitimler | C17: =IFERROR(C10/C$18,"") | D17: =IFERROR(D10/D$18,"") | E17: =IFERROR(E10/E$18,"") | F17: =IFERROR(AVERAGE(C17:E17),"")
B18: Sütun toplamı | C18: =SUM(C8:C10) | D18: =SUM(D8:D10) | E18: =SUM(E8:E10)
B20: Ağırlık toplamı | F20: =SUM(F15:F17)
B22: 3. Tutarlılık analizi
B23: λmax | F23: =C18*F15+D18*F16+E18*F17
B24: CI | F24: =IFERROR((F23-3)/(3-1),"")
B25: RI (n=3) | F25: 0.58
B26: CR | F26: =IFERROR(F24/F25,"")
B27: Karar | F27: =IF(COUNT(D8,E8,E9)<3,"Veri bekleniyor",IF(F26<=0.1,"Tutarlı (CR ≤ 0,10)","Gözden geçirilmeli (CR > 0,10)"))

Sheet G_AltGruplar
B2: Yönetişim Ana Bloğu Alt Grupları AHP
B4: Karşılaştırma düzeyi | C4: Yönetişim ana bloğu alt grup karşılaştırması
B6: 1. İkili karşılaştırma matrisi – sarı hücrelere giriş yapınız
C7: Uyum ve Politika | D7: Tedarik Zinciri ve Risk | F7: Giriş açıklaması
B8: Uyum ve Politika | C8: 1 | D8: 2 | F8: Sarı hücrelere Saaty ölçeğinde 1–9 veya ters değerleri giriniz. Yeşil hücreler otomatik ters değerlerdir.
B9: Tedarik Zinciri ve Risk | C9: =IFERROR(1/D8,"") | D9: 1
B12: 2. Normalize matris ve yerel ağırlıklar
C13: Uyum ve Politika | D13: Tedarik Zinciri ve Risk | E13: Yerel ağırlık
B14: Uyum ve Politika | C14: =IFERROR(C8/C$16,"") | D14: =IFERROR(D8/D$16,"") | E14: =IFERROR(AVERAGE(C14:D14),"")
B15: Tedarik Zinciri ve Risk | C15: =IFERROR(C9/C$16,"") | D15: =IFERROR(D9/D$16,"") | E15: =IFERROR(AVERAGE(C15:D15),"")
B16: Sütun toplamı | C16: =SUM(C8:C9) | D16: =SUM(D8:D9)
B18: Ağırlık toplamı | E18: =SUM(E14:E15)
B20: 3. Tutarlılık analizi
B21: λmax | E21: =C16*E14+D16*E15
B22: CI | E22: =IFERROR((E21-2)/(2-1),"")
B23: RI (n=2) | E23: 0
B24: CR | E24: Uygulanamaz
B25: Karar | E25: 2'li matris -Doğrudan kontrol

Sheet G_UyumPolit
B2: Yönetişim → Uyum ve Politika Göstergeleri AHP
B4: Karşılaştırma düzeyi | C4: Yönetişim → Uyum ve Politika
B6: 1. İkili karşılaştırma matrisi – sarı hücrelere giriş yapınız
C7: G-47 İşletme Genel Bilgileri (kuruluş tarihçesi, coğrafi konum, büyüklük, ürün çeşidi) | D7: G-48 Ürün çeşitliliği | E7: G-49 Etik | F7: G-50 Çevre ve İklim Değişikliği Strateji Belgesi | G7: G-51 Çevre Mevzuatına Uyum | H7: G-52 İş Hukuku ve Sosyal Haklara Uyum | I7: G-53 İç Kontrol Sisteminin Etkinliği | J7: G-54 Stratejik Hedeflerde sürdürülebilirlik kriterleri | K7: G-55 Şeffaflık (Raporlama) | L7: G-56 Denetlenebilirlik | M7: G-57 İç Denetimin Bağımsızlık Düzeyi | N7: G-58 Sürdürülebilirlik Denetimi geçmişi | P7: Giriş açıklaması
B8: G-47 İşletme Genel Bilgileri (kuruluş tarihçesi, coğrafi konum, büyüklük, ürün çeşidi) | C8: 1 | D8: 6 | E8: 5 | F8: 3 | G8: 0.5 | H8: =1/3 | I8: 0.5 | J8: 2 | K8: 0.5 | L8: 0.5 | M8: 1 | N8: 2 | P8: Sarı hücrelere Saaty ölçeğinde 1–9 veya ters değerleri giriniz. Yeşil hücreler otomatik ters değerlerdir.
B9: G-48 Ürün çeşitliliği | C9: =IFERROR(1/D8,"") | D9: 1 | E9: 2 | F9: 0.2 | G9: 0.2 | H9: 0.2 | I9: 0.2 | J9: =1/3 | K9: 0.2 | L9: 0.2 | M9: 0.25 | N9: 0.2
B10: G-49 Etik | C10: =IFERROR(1/E8,"") | D10: =IFERROR(1/E9,"") | E10: 1 | F10: 0.5 | G10: 0.25 | H10: 0.25 | I10: 0.25 | J10: 0.5 | K10: 0.25 | L10: 0.25 | M10: =1/3 | N10: 0.25
B11: G-50 Çevre ve İklim Değişikliği Strateji Belgesi | C11: =IFERROR(1/F8,"") | D11: =IFERROR(1/F9,"") | E11: =IFERROR(1/F10,"") | F11: 1 | G11: =1/3 | H11: 0.25 | I11: 0.5 | J11: 3 | K11: =1/3 | L11: 0.25 | M11: 0.5 | N11: 0.5
B12: G-51 Çevre Mevzuatına Uyum | C12: =IFERROR(1/G8,"") | D12: =IFERROR(1/G9,"") | E12: =IFERROR(1/G10,"") | F12: =IFERROR(1/G11,"") | G12: 1 | H12: 1 | I12: 3 | J12: 5 | K12: 3 | L12: 1 | M12: 3 | N12: 4
B13: G-52 İş Hukuku ve Sosyal Haklara Uyum | C13: =IFERROR(1/H8,"") | D13: =IFERROR(1/H9,"") | E13: =IFERROR(1/H10,"") | F13: =IFERROR(1/H11,"") | G13: =IFERROR(1/H12,"") | H13: 1 | I13: 3 | J13: 6 | K13: 3 | L13: 1 | M13: 3 | N13: 4
B14: G-53 İç Kontrol Sisteminin Etkinliği | C14: =IFERROR(1/I8,"") | D14: =IFERROR(1/I9,"") | E14: =IFERROR(1/I10,"") | F14: =IFERROR(1/I11,"") | G14: =IFERROR(1/I12,"") | H14: =IFERROR(1/I13,"") | I14: 1 | J14: 4 | K14: 0.5 | L14: 0.5 | M14: 2 | N14: 2
B15: G-54 Stratejik Hedeflerde sürdürülebilirlik kriterleri | C15: =IFERROR(1/J8,"") | D15: =IFERROR(1/J9,"") | E15: =IFERROR(1/J10,"") | F15: =IFERROR(1/J11,"") | G15: =IFERROR(1/J12,"") | H15: =IFERROR(1/J13,"") | I15: =IFERROR(1/J14,"") | J15: 1 | K15: =1/3 | L15: =1/3 | M15: 0.5 | N15: 0.5
B16: G-55 Şeffaflık (Raporlama) | C16: =IFERROR(1/K8,"") | D16: =IFERROR(1/K9,"") | E16: =IFERROR(1/K10,"") | F16: =IFERROR(1/K11,"") | G16: =IFERROR(1/K12,"") | H16: =IFERROR(1/K13,"") | I16: =IFERROR(1/K14,"") | J16: =IFERROR(1/K15,"") | K16: 1 | L16: 0.5 | M16: 3 | N16: 4
B17: G-56 Denetlenebilirlik | C17: =IFERROR(1/L8,"") | D17: =IFERROR(1/L9,"") | E17: =IFERROR(1/L10,"") | F17: =IFERROR(1/L11,"") | G17: =IFERROR(1/L12,"") | H17: =IFERROR(1/L13,"") | I17: =IFERROR(1/L14,"") | J17: =IFERROR(1/L15,"") | K17: =IFERROR(1/L16,"") | L17: 1 | M17: 4 | N17: 5
B18: G-57 İç Denetimin Bağımsızlık Düzeyi | C18: =IFERROR(1/M8,"") | D18: =IFERROR(1/M9,"") | E18: =IFERROR(1/M10,"") | F18: =IFERROR(1/M11,"") | G18: =IFERROR(1/M12,"") | H18: =IFERROR(1/M13,"") | I18: =IFERROR(1/M14,"") | J18: =IFERROR(1/M15,"") | K18: =IFERROR(1/M16,"") | L18: =IFERROR(1/M17,"") | M18: 1 | N18: 2
B19: G-58 Sürdürülebilirlik Denetimi geçmişi | C19: =IFERROR(1/N8,"") | D19: =IFERROR(1/N9,"") | E19: =IFERROR(1/N10,"") | F19: =IFERROR(1/N11,"") | G19: =IFERROR(1/N12,"") | H19: =IFERROR(1/N13,"") | I19: =IFERROR(1/N14,"") | J19: =IFERROR(1/N15,"") | K19: =IFERROR(1/N16,"") | L19: =IFERROR(1/N17,"") | M19: =IFERROR(1/N18,"") | N19: 1
B22: 2. Normalize matris ve yerel ağırlıklar
C23: G-47 İşletme Genel Bilgileri (kuruluş tarihçesi, coğrafi konum, büyüklük, ürün çeşidi) | D23: G-48 Ürün çeşitliliği | E23: G-49 Etik | F23: G-50 Çevre ve İklim Değişikliği Strateji Belgesi | G23: G-51 Çevre Mevzuatına Uyum | H23: G-52 İş Hukuku ve Sosyal Haklara Uyum | I23: G-53 İç Kontrol Sisteminin Etkinliği | J23: G-54 Stratejik Hedeflerde sürdürülebilirlik kriterleri | K23: G-55 Şeffaflık (Raporlama) | L23: G-56 Denetlenebilirlik | M23: G-57 İç Denetimin Bağımsızlık Düzeyi | N23: G-58 Sürdürülebilirlik Denetimi geçmişi | O23: Yerel ağırlık
B24: G-47 İşletme Genel Bilgileri (kuruluş tarihçesi, coğrafi konum, büyüklük, ürün çeşidi) | C24: =IFERROR(C8/C$36,"") | D24: =IFERROR(D8/D$36,"") | E24: =IFERROR(E8/E$36,"") | F24: =IFERROR(F8/F$36,"") | G24: =IFERROR(G8/G$36,"") | H24: =IFERROR(H8/H$36,"") | I24: =IFERROR(I8/I$36,"") | J24: =IFERROR(J8/J$36,"") | ... N24: =IFERROR(N8/N$36,"") | O24: =IFERROR(AVERAGE(C24:N24),"")
B25: G-48 Ürün çeşitliliği | C25: =IFERROR(C9/C$36,"") | D25: =IFERROR(D9/D$36,"") | E25: =IFERROR(E9/E$36,"") | F25: =IFERROR(F9/F$36,"") | G25: =IFERROR(G9/G$36,"") | H25: =IFERROR(H9/H$36,"") | I25: =IFERROR(I9/I$36,"") | J25: =IFERROR(J9/J$36,"") | ... N25: =IFERROR(N9/N$36,"") | O25: =IFERROR(AVERAGE(C25:N25),"")
B26: G-49 Etik | C26: =IFERROR(C10/C$36,"") | D26: =IFERROR(D10/D$36,"") | E26: =IFERROR(E10/E$36,"") | F26: =IFERROR(F10/F$36,"") | G26: =IFERROR(G10/G$36,"") | H26: =IFERROR(H10/H$36,"") | I26: =IFERROR(I10/I$36,"") | J26: =IFERROR(J10/J$36,"") | ... N26: =IFERROR(N10/N$36,"") | O26: =IFERROR(AVERAGE(C26:N26),"")
B27: G-50 Çevre ve İklim Değişikliği Strateji Belgesi | C27: =IFERROR(C11/C$36,"") | D27: =IFERROR(D11/D$36,"") | E27: =IFERROR(E11/E$36,"") | F27: =IFERROR(F11/F$36,"") | G27: =IFERROR(G11/G$36,"") | H27: =IFERROR(H11/H$36,"") | I27: =IFERROR(I11/I$36,"") | J27: =IFERROR(J11/J$36,"") | ... N27: =IFERROR(N11/N$36,"") | O27: =IFERROR(AVERAGE(C27:N27),"")
B28: G-51 Çevre Mevzuatına Uyum | C28: =IFERROR(C12/C$36,"") | D28: =IFERROR(D12/D$36,"") | E28: =IFERROR(E12/E$36,"") | F28: =IFERROR(F12/F$36,"") | G28: =IFERROR(G12/G$36,"") | H28: =IFERROR(H12/H$36,"") | I28: =IFERROR(I12/I$36,"") | J28: =IFERROR(J12/J$36,"") | ... N28: =IFERROR(N12/N$36,"") | O28: =IFERROR(AVERAGE(C28:N28),"")
B29: G-52 İş Hukuku ve Sosyal Haklara Uyum | C29: =IFERROR(C13/C$36,"") | D29: =IFERROR(D13/D$36,"") | E29: =IFERROR(E13/E$36,"") | F29: =IFERROR(F13/F$36,"") | G29: =IFERROR(G13/G$36,"") | H29: =IFERROR(H13/H$36,"") | I29: =IFERROR(I13/I$36,"") | J29: =IFERROR(J13/J$36,"") | ... N29: =IFERROR(N13/N$36,"") | O29: =IFERROR(AVERAGE(C29:N29),"")
B30: G-53 İç Kontrol Sisteminin Etkinliği | C30: =IFERROR(C14/C$36,"") | D30: =IFERROR(D14/D$36,"") | E30: =IFERROR(E14/E$36,"") | F30: =IFERROR(F14/F$36,"") | G30: =IFERROR(G14/G$36,"") | H30: =IFERROR(H14/H$36,"") | I30: =IFERROR(I14/I$36,"") | J30: =IFERROR(J14/J$36,"") | ... N30: =IFERROR(N14/N$36,"") | O30: =IFERROR(AVERAGE(C30:N30),"")
B31: G-54 Stratejik Hedeflerde sürdürülebilirlik kriterleri | C31: =IFERROR(C15/C$36,"") | D31: =IFERROR(D15/D$36,"") | E31: =IFERROR(E15/E$36,"") | F31: =IFERROR(F15/F$36,"") | G31: =IFERROR(G15/G$36,"") | H31: =IFERROR(H15/H$36,"") | I31: =IFERROR(I15/I$36,"") | J31: =IFERROR(J15/J$36,"") | ... N31: =IFERROR(N15/N$36,"") | O31: =IFERROR(AVERAGE(C31:N31),"")
B32: G-55 Şeffaflık (Raporlama) | C32: =IFERROR(C16/C$36,"") | D32: =IFERROR(D16/D$36,"") | E32: =IFERROR(E16/E$36,"") | F32: =IFERROR(F16/F$36,"") | G32: =IFERROR(G16/G$36,"") | H32: =IFERROR(H16/H$36,"") | I32: =IFERROR(I16/I$36,"") | J32: =IFERROR(J16/J$36,"") | ... N32: =IFERROR(N16/N$36,"") | O32: =IFERROR(AVERAGE(C32:N32),"")
B33: G-56 Denetlenebilirlik | C33: =IFERROR(C17/C$36,"") | D33: =IFERROR(D17/D$36,"") | E33: =IFERROR(E17/E$36,"") | F33: =IFERROR(F17/F$36,"") | G33: =IFERROR(G17/G$36,"") | H33: =IFERROR(H17/H$36,"") | I33: =IFERROR(I17/I$36,"") | J33: =IFERROR(J17/J$36,"") | ... N33: =IFERROR(N17/N$36,"") | O33: =IFERROR(AVERAGE(C33:N33),"")
B34: G-57 İç Denetimin Bağımsızlık Düzeyi | C34: =IFERROR(C18/C$36,"") | D34: =IFERROR(D18/D$36,"") | E34: =IFERROR(E18/E$36,"") | F34: =IFERROR(F18/F$36,"") | G34: =IFERROR(G18/G$36,"") | H34: =IFERROR(H18/H$36,"") | I34: =IFERROR(I18/I$36,"") | J34: =IFERROR(J18/J$36,"") | ... N34: =IFERROR(N18/N$36,"") | O34: =IFERROR(AVERAGE(C34:N34),"")
B35: G-58 Sürdürülebilirlik Denetimi geçmişi | C35: =IFERROR(C19/C$36,"") | D35: =IFERROR(D19/D$36,"") | E35: =IFERROR(E19/E$36,"") | F35: =IFERROR(F19/F$36,"") | G35: =IFERROR(G19/G$36,"") | H35: =IFERROR(H19/H$36,"") | I35: =IFERROR(I19/I$36,"") | J35: =IFERROR(J19/J$36,"") | ... N35: =IFERROR(N19/N$36,"") | O35: =IFERROR(AVERAGE(C35:N35),"")
B36: Sütun toplamı | C36: =SUM(C8:C19) | D36: =SUM(D8:D19) | E36: =SUM(E8:E19) | F36: =SUM(F8:F19) | G36: =SUM(G8:G19) | H36: =SUM(H8:H19) | I36: =SUM(I8:I19) | J36: =SUM(J8:J19) | ... N36: =SUM(N8:N19)
B38: Ağırlık toplamı | O38: =SUM(O24:O35)
B40: 3. Tutarlılık analizi
B41: λmax | O41: =C36*O24+D36*O25+E36*O26+F36*O27+G36*O28+H36*O29+I36*O30+J36*O31+K36*O32+L36*O33+M36*O34+N36*O35
B42: CI | O42: =IFERROR((O41-12)/(12-1),"")
B43: RI (n=12) | O43: 1.49
B44: CR | O44: =IFERROR(O42/O43,"")
B45: Karar | O45: =IF(COUNT(D8,E8,F8,G8,H8,I8,J8,K8,L8,M8,N8,E9,F9,G9,H9,I9,J9,K9,L9,M9,N9,F10,G10,H10,I10,J10,K10,L10,M10,N10,G11,H11,I11,J11,K11,L11,M11,N11,H12,I12,J12,K12,L12,M12,N12,I13,J13,K13,L13,M13,N13,J14,K14,L14,M14,N14,K15,L15,M15,N15,L16,M16,N16,M17,N17,N18)<66,"Veri bekleniyor",IF(O44<=0.1,"Tutarlı (CR ≤ 0,10)","Gözden geçirilmeli (CR > 0,10)"))

Sheet G_TedarikRisk
B2: Yönetişim → Tedarik Zinciri ve Risk Göstergeleri AHP
B4: Karşılaştırma düzeyi | C4: Yönetişim → Tedarik Zinciri ve Risk
B6: 1. İkili karşılaştırma matrisi – sarı hücrelere giriş yapınız
C7: G-59 Sertifikasyon (ISO, Global GAP, İTU, Helal Gıda vb.) | D7: G-60 Kalite Yönetim Sistemi | E7: G-61 Tedarikçi Coğrafi konumu (300 km) | F7: G-62 Tedarikçi Sürdürülebilirlik Kriterleri | G7: G-63 Paydaş Etki Ölçümü | H7: G-64 Veri Güvenliği ve Gizlilik | I7: G-65 Kurumsal Risk Yönetimi | K7: Giriş açıklaması
B8: G-59 Sertifikasyon (ISO, Global GAP, İTU, Helal Gıda vb.) | C8: 1 | D8: 2 | E8: 4 | F8: 4 | G8: 6 | H8: 3 | I8: 0.5 | K8: Sarı hücrelere Saaty ölçeğinde 1–9 veya ters değerleri giriniz. Yeşil hücreler otomatik ters değerlerdir.
B9: G-60 Kalite Yönetim Sistemi | C9: =IFERROR(1/D8,"") | D9: 1 | E9: 3 | F9: 3 | G9: 5 | H9: 2 | I9: 0.5
B10: G-61 Tedarikçi Coğrafi konumu (300 km) | C10: =IFERROR(1/E8,"") | D10: =IFERROR(1/E9,"") | E10: 1 | F10: 0.5 | G10: 3 | H10: =1/4 | I10: 0.25
B11: G-62 Tedarikçi Sürdürülebilirlik Kriterleri | C11: =IFERROR(1/F8,"") | D11: =IFERROR(1/F9,"") | E11: =IFERROR(1/F10,"") | F11: 1 | G11: 3 | H11: =1/4 | I11: =0.25
B12: G-63 Paydaş Etki Ölçümü | C12: =IFERROR(1/G8,"") | D12: =IFERROR(1/G9,"") | E12: =IFERROR(1/G10,"") | F12: =IFERROR(1/G11,"") | G12: 1 | H12: =1/7 | I12: =1/6
B13: G-64 Veri Güvenliği ve Gizlilik | C13: =IFERROR(1/H8,"") | D13: =IFERROR(1/H9,"") | E13: =IFERROR(1/H10,"") | F13: =IFERROR(1/H11,"") | G13: =IFERROR(1/H12,"") | H13: 1 | I13: 0.5
B14: G-65 Kurumsal Risk Yönetimi | C14: =IFERROR(1/I8,"") | D14: =IFERROR(1/I9,"") | E14: =IFERROR(1/I10,"") | F14: =IFERROR(1/I11,"") | G14: =IFERROR(1/I12,"") | H14: =IFERROR(1/I13,"") | I14: 1
B17: 2. Normalize matris ve yerel ağırlıklar
C18: G-59 Sertifikasyon (ISO, Global GAP, İTU, Helal Gıda vb.) | D18: G-60 Kalite Yönetim Sistemi | E18: G-61 Tedarikçi Coğrafi konumu (300 km) | F18: G-62 Tedarikçi Sürdürülebilirlik Kriterleri | G18: G-63 Paydaş Etki Ölçümü | H18: G-64 Veri Güvenliği ve Gizlilik | I18: G-65 Kurumsal Risk Yönetimi | J18: Yerel ağırlık
B19: G-59 Sertifikasyon (ISO, Global GAP, İTU, Helal Gıda vb.) | C19: =IFERROR(C8/C$26,"") | D19: =IFERROR(D8/D$26,"") | E19: =IFERROR(E8/E$26,"") | F19: =IFERROR(F8/F$26,"") | G19: =IFERROR(G8/G$26,"") | H19: =IFERROR(H8/H$26,"") | I19: =IFERROR(I8/I$26,"") | J19: =IFERROR(AVERAGE(C19:I19),"")
B20: G-60 Kalite Yönetim Sistemi | C20: =IFERROR(C9/C$26,"") | D20: =IFERROR(D9/D$26,"") | E20: =IFERROR(E9/E$26,"") | F20: =IFERROR(F9/F$26,"") | G20: =IFERROR(G9/G$26,"") | H20: =IFERROR(H9/H$26,"") | I20: =IFERROR(I9/I$26,"") | J20: =IFERROR(AVERAGE(C20:I20),"")
B21: G-61 Tedarikçi Coğrafi konumu (300 km) | C21: =IFERROR(C10/C$26,"") | D21: =IFERROR(D10/D$26,"") | E21: =IFERROR(E10/E$26,"") | F21: =IFERROR(F10/F$26,"") | G21: =IFERROR(G10/G$26,"") | H21: =IFERROR(H10/H$26,"") | I21: =IFERROR(I10/I$26,"") | J21: =IFERROR(AVERAGE(C21:I21),"")
B22: G-62 Tedarikçi Sürdürülebilirlik Kriterleri | C22: =IFERROR(C11/C$26,"") | D22: =IFERROR(D11/D$26,"") | E22: =IFERROR(E11/E$26,"") | F22: =IFERROR(F11/F$26,"") | G22: =IFERROR(G11/G$26,"") | H22: =IFERROR(H11/H$26,"") | I22: =IFERROR(I11/I$26,"") | J22: =IFERROR(AVERAGE(C22:I22),"")
B23: G-63 Paydaş Etki Ölçümü | C23: =IFERROR(C12/C$26,"") | D23: =IFERROR(D12/D$26,"") | E23: =IFERROR(E12/E$26,"") | F23: =IFERROR(F12/F$26,"") | G23: =IFERROR(G12/G$26,"") | H23: =IFERROR(H12/H$26,"") | I23: =IFERROR(I12/I$26,"") | J23: =IFERROR(AVERAGE(C23:I23),"")
B24: G-64 Veri Güvenliği ve Gizlilik | C24: =IFERROR(C13/C$26,"") | D24: =IFERROR(D13/D$26,"") | E24: =IFERROR(E13/E$26,"") | F24: =IFERROR(F13/F$26,"") | G24: =IFERROR(G13/G$26,"") | H24: =IFERROR(H13/H$26,"") | I24: =IFERROR(I13/I$26,"") | J24: =IFERROR(AVERAGE(C24:I24),"")
B25: G-65 Kurumsal Risk Yönetimi | C25: =IFERROR(C14/C$26,"") | D25: =IFERROR(D14/D$26,"") | E25: =IFERROR(E14/E$26,"") | F25: =IFERROR(F14/F$26,"") | G25: =IFERROR(G14/G$26,"") | H25: =IFERROR(H14/H$26,"") | I25: =IFERROR(I14/I$26,"") | J25: =IFERROR(AVERAGE(C25:I25),"")
B26: Sütun toplamı | C26: =SUM(C8:C14) | D26: =SUM(D8:D14) | E26: =SUM(E8:E14) | F26: =SUM(F8:F14) | G26: =SUM(G8:G14) | H26: =SUM(H8:H14) | I26: =SUM(I8:I14)
B28: Ağırlık toplamı | J28: =SUM(J19:J25)
B30: 3. Tutarlılık analizi
B31: λmax | J31: =C26*J19+D26*J20+E26*J21+F26*J22+G26*J23+H26*J24+I26*J25
B32: CI | J32: =IFERROR((J31-7)/(7-1),"")
B33: RI (n=7) | J33: 1.32
B34: CR | J34: =IFERROR(J32/J33,"")
B35: Karar | J35: =IF(COUNT(D8,E8,F8,G8,H8,I8,E9,F9,G9,H9,I9,F10,G10,H10,I10,G11,H11,I11,H12,I12,I13)<21,"Veri bekleniyor",IF(J34<=0.1,"Tutarlı (CR ≤ 0,10)","Gözden geçirilmeli (CR > 0,10)"))

Sheet FO_AltGruplar
B2: Finans ve Operasyon Ana Bloğu Alt Grupları AHP
B4: Karşılaştırma düzeyi | C4: Finans ve Operasyon ana bloğu alt grup karşılaştırması
B6: 1. İkili karşılaştırma matrisi – sarı hücrelere giriş yapınız
C7: Finansal | D7: Operasyonel | E7: Hayvancılık | F7: Bitkisel Üretim | H7: Giriş açıklaması
B8: Finansal | C8: 1 | D8: 1 | E8: 0.5 | F8: 0.5 | H8: Sarı hücrelere Saaty ölçeğinde 1–9 veya ters değerleri giriniz. Yeşil hücreler otomatik ters değerlerdir.
B9: Operasyonel | C9: =IFERROR(1/D8,"") | D9: 1 | E9: 0.5 | F9: 0.5
B10: Hayvancılık | C10: =IFERROR(1/E8,"") | D10: =IFERROR(1/E9,"") | E10: 1 | F10: 1
B11: Bitkisel Üretim | C11: =IFERROR(1/F8,"") | D11: =IFERROR(1/F9,"") | E11: =IFERROR(1/F10,"") | F11: 1
B14: 2. Normalize matris ve yerel ağırlıklar
C15: Finansal | D15: Operasyonel | E15: Hayvancılık | F15: Bitkisel Üretim | G15: Yerel ağırlık
B16: Finansal | C16: =IFERROR(C8/C$20,"") | D16: =IFERROR(D8/D$20,"") | E16: =IFERROR(E8/E$20,"") | F16: =IFERROR(F8/F$20,"") | G16: =IFERROR(AVERAGE(C16:F16),"")
B17: Operasyonel | C17: =IFERROR(C9/C$20,"") | D17: =IFERROR(D9/D$20,"") | E17: =IFERROR(E9/E$20,"") | F17: =IFERROR(F9/F$20,"") | G17: =IFERROR(AVERAGE(C17:F17),"")
B18: Hayvancılık | C18: =IFERROR(C10/C$20,"") | D18: =IFERROR(D10/D$20,"") | E18: =IFERROR(E10/E$20,"") | F18: =IFERROR(F10/F$20,"") | G18: =IFERROR(AVERAGE(C18:F18),"")
B19: Bitkisel Üretim | C19: =IFERROR(C11/C$20,"") | D19: =IFERROR(D11/D$20,"") | E19: =IFERROR(E11/E$20,"") | F19: =IFERROR(F11/F$20,"") | G19: =IFERROR(AVERAGE(C19:F19),"")
B20: Sütun toplamı | C20: =SUM(C8:C11) | D20: =SUM(D8:D11) | E20: =SUM(E8:E11) | F20: =SUM(F8:F11)
B22: Ağırlık toplamı | G22: =SUM(G16:G19)
B24: 3. Tutarlılık analizi
B25: λmax | G25: =C20*G16+D20*G17+E20*G18+F20*G19
B26: CI | G26: =IFERROR((G25-4)/(4-1),"")
B27: RI (n=4) | G27: 0.9
B28: CR | G28: =IFERROR(G26/G27,"")
B29: Karar | G29: =IF(COUNT(D8,E8,F8,E9,F9,F10)<6,"Veri bekleniyor",IF(G28<=0.1,"Tutarlı (CR ≤ 0,10)","Gözden geçirilmeli (CR > 0,10)"))

Sheet FO_Finansal
B2: Finans ve Operasyon → Finansal Göstergeleri AHP
B4: Karşılaştırma düzeyi | C4: Finans ve Operasyon → Finansal
B6: 1. İkili karşılaştırma matrisi – sarı hücrelere giriş yapınız
C7: FO-66 Birim Alan Verimi | D7: FO-67 Hayvansal Verimlilik | E7: FO-68 Dış Girdi Bağımlılığı | F7: FO-69 Üretim Maliyet Hesaplamaları | G7: FO-70 İşletme Karlılığı | H7: FO-71 Üretim Kayıpları | J7: Giriş açıklaması
B8: FO-66 Birim Alan Verimi | C8: 1 | D8: 0.5 | E8: =1/3 | F8: 3 | G8: =1/4 | H8: 2 | J8: Sarı hücrelere Saaty ölçeğinde 1–9 veya ters değerleri giriniz. Yeşil hücreler otomatik ters değerlerdir.
B9: FO-67 Hayvansal Verimlilik | C9: =IFERROR(1/D8,"") | D9: 1 | E9: 0.5 | F9: 3 | G9: =1/3 | H9: 3
B10: FO-68 Dış Girdi Bağımlılığı | C10: =IFERROR(1/E8,"") | D10: =IFERROR(1/E9,"") | E10: 1 | F10: 4 | G10: 0.5 | H10: 3
B11: FO-69 Üretim Maliyet Hesaplamaları | C11: =IFERROR(1/F8,"") | D11: =IFERROR(1/F9,"") | E11: =IFERROR(1/F10,"") | F11: 1 | G11: =1/5 | H11: 0.5
B12: FO-70 İşletme Karlılığı | C12: =IFERROR(1/G8,"") | D12: =IFERROR(1/G9,"") | E12: =IFERROR(1/G10,"") | F12: =IFERROR(1/G11,"") | G12: 1 | H12: 5
B13: FO-71 Üretim Kayıpları | C13: =IFERROR(1/H8,"") | D13: =IFERROR(1/H9,"") | E13: =IFERROR(1/H10,"") | F13: =IFERROR(1/H11,"") | G13: =IFERROR(1/H12,"") | H13: 1
B16: 2. Normalize matris ve yerel ağırlıklar
C17: FO-66 Birim Alan Verimi | D17: FO-67 Hayvansal Verimlilik | E17: FO-68 Dış Girdi Bağımlılığı | F17: FO-69 Üretim Maliyet Hesaplamaları | G17: FO-70 İşletme Karlılığı | H17: FO-71 Üretim Kayıpları | I17: Yerel ağırlık
B18: FO-66 Birim Alan Verimi | C18: =IFERROR(C8/C$24,"") | D18: =IFERROR(D8/D$24,"") | E18: =IFERROR(E8/E$24,"") | F18: =IFERROR(F8/F$24,"") | G18: =IFERROR(G8/G$24,"") | H18: =IFERROR(H8/H$24,"") | I18: =IFERROR(AVERAGE(C18:H18),"")
B19: FO-67 Hayvansal Verimlilik | C19: =IFERROR(C9/C$24,"") | D19: =IFERROR(D9/D$24,"") | E19: =IFERROR(E9/E$24,"") | F19: =IFERROR(F9/F$24,"") | G19: =IFERROR(G9/G$24,"") | H19: =IFERROR(H9/H$24,"") | I19: =IFERROR(AVERAGE(C19:H19),"")
B20: FO-68 Dış Girdi Bağımlılığı | C20: =IFERROR(C10/C$24,"") | D20: =IFERROR(D10/D$24,"") | E20: =IFERROR(E10/E$24,"") | F20: =IFERROR(F10/F$24,"") | G20: =IFERROR(G10/G$24,"") | H20: =IFERROR(H10/H$24,"") | I20: =IFERROR(AVERAGE(C20:H20),"")
B21: FO-69 Üretim Maliyet Hesaplamaları | C21: =IFERROR(C11/C$24,"") | D21: =IFERROR(D11/D$24,"") | E21: =IFERROR(E11/E$24,"") | F21: =IFERROR(F11/F$24,"") | G21: =IFERROR(G11/G$24,"") | H21: =IFERROR(H11/H$24,"") | I21: =IFERROR(AVERAGE(C21:H21),"")
B22: FO-70 İşletme Karlılığı | C22: =IFERROR(C12/C$24,"") | D22: =IFERROR(D12/D$24,"") | E22: =IFERROR(E12/E$24,"") | F22: =IFERROR(F12/F$24,"") | G22: =IFERROR(G12/G$24,"") | H22: =IFERROR(H12/H$24,"") | I22: =IFERROR(AVERAGE(C22:H22),"")
B23: FO-71 Üretim Kayıpları | C23: =IFERROR(C13/C$24,"") | D23: =IFERROR(D13/D$24,"") | E23: =IFERROR(E13/E$24,"") | F23: =IFERROR(F13/F$24,"") | G23: =IFERROR(G13/G$24,"") | H23: =IFERROR(H13/H$24,"") | I23: =IFERROR(AVERAGE(C23:H23),"")
B24: Sütun toplamı | C24: =SUM(C8:C13) | D24: =SUM(D8:D13) | E24: =SUM(E8:E13) | F24: =SUM(F8:F13) | G24: =SUM(G8:G13) | H24: =SUM(H8:H13)
B26: Ağırlık toplamı | I26: =SUM(I18:I23)
B28: 3. Tutarlılık analizi
B29: λmax | I29: =C24*I18+D24*I19+E24*I20+F24*I21+G24*I22+H24*I23
B30: CI | I30: =IFERROR((I29-6)/(6-1),"")
B31: RI (n=6) | I31: 1.24
B32: CR | I32: =IFERROR(I30/I31,"")
B33: Karar | I33: =IF(COUNT(D8,E8,F8,G8,H8,E9,F9,G9,H9,F10,G10,H10,G11,H11,H12)<15,"Veri bekleniyor",IF(I32<=0.1,"Tutarlı (CR ≤ 0,10)","Gözden geçirilmeli (CR > 0,10)"))

Sheet FO_Operasyonel
B2: Finans ve Operasyon → Operasyonel Göstergeleri AHP
B4: Karşılaştırma düzeyi | C4: Finans ve Operasyon → Operasyonel
B6: 1. İkili karşılaştırma matrisi – sarı hücrelere giriş yapınız
C7: FO-72 Stok Devir Hızı | D7: FO-73 Uluslararası Kalite Standartlarına Uyum | E7: FO-74 Üretimde Teknoloji Kullanımı | F7: FO-75 Verilerin Bilgi Teknolojileri ile takibi | G7: FO-76 Makine ve Ekipman Kullanım Oranı | I7: Giriş açıklaması
B8: FO-72 Stok Devir Hızı | C8: 1 | D8: =1/4 | E8: =1/3 | F8: 0.5 | G8: 0.5 | I8: Sarı hücrelere Saaty ölçeğinde 1–9 veya ters değerleri giriniz. Yeşil hücreler otomatik ters değerlerdir.
B9: FO-73 Uluslararası Kalite Standartlarına Uyum | C9: =IFERROR(1/D8,"") | D9: 1 | E9: 2 | F9: 2 | G9: 2
B10: FO-74 Üretimde Teknoloji Kullanımı | C10: =IFERROR(1/E8,"") | D10: =IFERROR(1/E9,"") | E10: 1 | F10: 2 | G10: 4
B11: FO-75 Verilerin Bilgi Teknolojileri ile takibi | C11: =IFERROR(1/F8,"") | D11: =IFERROR(1/F9,"") | E11: =IFERROR(1/F10,"") | F11: 1 | G11: 3
B12: FO-76 Makine ve Ekipman Kullanım Oranı | C12: =IFERROR(1/G8,"") | D12: =IFERROR(1/G9,"") | E12: =IFERROR(1/G10,"") | F12: =IFERROR(1/G11,"") | G12: 1
B15: 2. Normalize matris ve yerel ağırlıklar
C16: FO-72 Stok Devir Hızı | D16: FO-73 Uluslararası Kalite Standartlarına Uyum | E16: FO-74 Üretimde Teknoloji Kullanımı | F16: FO-75 Verilerin Bilgi Teknolojileri ile takibi | G16: FO-76 Makine ve Ekipman Kullanım Oranı | H16: Yerel ağırlık
B17: FO-72 Stok Devir Hızı | C17: =IFERROR(C8/C$22,"") | D17: =IFERROR(D8/D$22,"") | E17: =IFERROR(E8/E$22,"") | F17: =IFERROR(F8/F$22,"") | G17: =IFERROR(G8/G$22,"") | H17: =IFERROR(AVERAGE(C17:G17),"")
B18: FO-73 Uluslararası Kalite Standartlarına Uyum | C18: =IFERROR(C9/C$22,"") | D18: =IFERROR(D9/D$22,"") | E18: =IFERROR(E9/E$22,"") | F18: =IFERROR(F9/F$22,"") | G18: =IFERROR(G9/G$22,"") | H18: =IFERROR(AVERAGE(C18:G18),"")
B19: FO-74 Üretimde Teknoloji Kullanımı | C19: =IFERROR(C10/C$22,"") | D19: =IFERROR(D10/D$22,"") | E19: =IFERROR(E10/E$22,"") | F19: =IFERROR(F10/F$22,"") | G19: =IFERROR(G10/G$22,"") | H19: =IFERROR(AVERAGE(C19:G19),"")
B20: FO-75 Verilerin Bilgi Teknolojileri ile takibi | C20: =IFERROR(C11/C$22,"") | D20: =IFERROR(D11/D$22,"") | E20: =IFERROR(E11/E$22,"") | F20: =IFERROR(F11/F$22,"") | G20: =IFERROR(G11/G$22,"") | H20: =IFERROR(AVERAGE(C20:G20),"")
B21: FO-76 Makine ve Ekipman Kullanım Oranı | C21: =IFERROR(C12/C$22,"") | D21: =IFERROR(D12/D$22,"") | E21: =IFERROR(E12/E$22,"") | F21: =IFERROR(F12/F$22,"") | G21: =IFERROR(G12/G$22,"") | H21: =IFERROR(AVERAGE(C21:G21),"")
B22: Sütun toplamı | C22: =SUM(C8:C12) | D22: =SUM(D8:D12) | E22: =SUM(E8:E12) | F22: =SUM(F8:F12) | G22: =SUM(G8:G12)
B24: Ağırlık toplamı | H24: =SUM(H17:H21)
B26: 3. Tutarlılık analizi
B27: λmax | H27: =C22*H17+D22*H18+E22*H19+F22*H20+G22*H21
B28: CI | H28: =IFERROR((H27-5)/(5-1),"")
B29: RI (n=5) | H29: 1.12
B30: CR | H30: =IFERROR(H28/H29,"")
B31: Karar | H31: =IF(COUNT(D8,E8,F8,G8,E9,F9,G9,F10,G10,G11)<10,"Veri bekleniyor",IF(H30<=0.1,"Tutarlı (CR ≤ 0,10)","Gözden geçirilmeli (CR > 0,10)"))

Sheet FO_Hayvancilik
B2: Finans ve Operasyon → Hayvancılık Göstergeleri AHP
B4: Karşılaştırma düzeyi | C4: Finans ve Operasyon → Hayvancılık
B6: 1. İkili karşılaştırma matrisi – sarı hücrelere giriş yapınız
C7: FO-77 Üretim Performansı ve Döl Verimi Çıkarımları | D7: FO-78 Besleme ve Girdi Yönetimi Çıkarımları | E7: FO-79 Ürün Çeşitliliği ve Yan Ürün Ekonomisi | F7: FO-80 Birim Hayvan Başına Üretim Performansı | G7: FO-81 Sürü Sağlığı ve Yaşatma Başarısı | H7: FO-82 Genetik Çoğaltım ve Döl Verimi Verimliliği | I7: FO-83 Bölgesel Gıda Güvenliği ve Damızlık Arzı | J7: FO-84 Çevresel Emisyon Yoğunluğu (Karbon Ayak İzi) | L7: Giriş açıklaması
B8: FO-77 Üretim Performansı ve Döl Verimi Çıkarımları | C8: 1 | D8: 3 | E8: 4 | F8: 3 | G8: =1/3 | H8: 3 | I8: 2 | J8: 0.5 | L8: Sarı hücrelere Saaty ölçeğinde 1–9 veya ters değerleri giriniz. Yeşil hücreler otomatik ters değerlerdir.
B9: FO-78 Besleme ve Girdi Yönetimi Çıkarımları | C9: =IFERROR(1/D8,"") | D9: 1 | E9: 5 | F9: 4 | G9: 0.5 | H9: 3 | I9: 3 | J9: 0.5
B10: FO-79 Ürün Çeşitliliği ve Yan Ürün Ekonomisi | C10: =IFERROR(1/E8,"") | D10: =IFERROR(1/E9,"") | E10: 1 | F10: =0.5 | G10: =1/5 | H10: =1/3 | I10: 0.2 | J10: =1/6
B11: FO-80 Birim Hayvan Başına Üretim Performansı | C11: =IFERROR(1/F8,"") | D11: =IFERROR(1/F9,"") | E11: =IFERROR(1/F10,"") | F11: 1 | G11: =1/3 | H11: 0.5 | I11: 0.5 | J11: 0.25
B12: FO-81 Sürü Sağlığı ve Yaşatma Başarısı | C12: =IFERROR(1/G8,"") | D12: =IFERROR(1/G9,"") | E12: =IFERROR(1/G10,"") | F12: =IFERROR(1/G11,"") | G12: 1 | H12: 4 | I12: 5 | J12: =2
B13: FO-82 Genetik Çoğaltım ve Döl Verimi Verimliliği | C13: =IFERROR(1/H8,"") | D13: =IFERROR(1/H9,"") | E13: =IFERROR(1/H10,"") | F13: =IFERROR(1/H11,"") | G13: =IFERROR(1/H12,"") | H13: 1 | I13: 2 | J13: =1/3
B14: FO-83 Bölgesel Gıda Güvenliği ve Damızlık Arzı | C14: =IFERROR(1/I8,"") | D14: =IFERROR(1/I9,"") | E14: =IFERROR(1/I10,"") | F14: =IFERROR(1/I11,"") | G14: =IFERROR(1/I12,"") | H14: =IFERROR(1/I13,"") | I14: 1 | J14: 0.25
B15: FO-84 Çevresel Emisyon Yoğunluğu (Karbon Ayak İzi) | C15: =IFERROR(1/J8,"") | D15: =IFERROR(1/J9,"") | E15: =IFERROR(1/J10,"") | F15: =IFERROR(1/J11,"") | G15: =IFERROR(1/J12,"") | H15: =IFERROR(1/J13,"") | I15: =IFERROR(1/J14,"") | J15: 1
B18: 2. Normalize matris ve yerel ağırlıklar
C19: FO-77 Üretim Performansı ve Döl Verimi Çıkarımları | D19: FO-78 Besleme ve Girdi Yönetimi Çıkarımları | E19: FO-79 Ürün Çeşitliliği ve Yan Ürün Ekonomisi | F19: FO-80 Birim Hayvan Başına Üretim Performansı | G19: FO-81 Sürü Sağlığı ve Yaşatma Başarısı | H19: FO-82 Genetik Çoğaltım ve Döl Verimi Verimliliği | I19: FO-83 Bölgesel Gıda Güvenliği ve Damızlık Arzı | J19: FO-84 Çevresel Emisyon Yoğunluğu (Karbon Ayak İzi) | K19: Yerel ağırlık
B20: FO-77 Üretim Performansı ve Döl Verimi Çıkarımları | C20: =IFERROR(C8/C$28,"") | D20: =IFERROR(D8/D$28,"") | E20: =IFERROR(E8/E$28,"") | F20: =IFERROR(F8/F$28,"") | G20: =IFERROR(G8/G$28,"") | H20: =IFERROR(H8/H$28,"") | I20: =IFERROR(I8/I$28,"") | J20: =IFERROR(J8/J$28,"") | K20: =IFERROR(AVERAGE(C20:J20),"")
B21: FO-78 Besleme ve Girdi Yönetimi Çıkarımları | C21: =IFERROR(C9/C$28,"") | D21: =IFERROR(D9/D$28,"") | E21: =IFERROR(E9/E$28,"") | F21: =IFERROR(F9/F$28,"") | G21: =IFERROR(G9/G$28,"") | H21: =IFERROR(H9/H$28,"") | I21: =IFERROR(I9/I$28,"") | J21: =IFERROR(J9/J$28,"") | K21: =IFERROR(AVERAGE(C21:J21),"")
B22: FO-79 Ürün Çeşitliliği ve Yan Ürün Ekonomisi | C22: =IFERROR(C10/C$28,"") | D22: =IFERROR(D10/D$28,"") | E22: =IFERROR(E10/E$28,"") | F22: =IFERROR(F10/F$28,"") | G22: =IFERROR(G10/G$28,"") | H22: =IFERROR(H10/H$28,"") | I22: =IFERROR(I10/I$28,"") | J22: =IFERROR(J10/J$28,"") | K22: =IFERROR(AVERAGE(C22:J22),"")
B23: FO-80 Birim Hayvan Başına Üretim Performansı | C23: =IFERROR(C11/C$28,"") | D23: =IFERROR(D11/D$28,"") | E23: =IFERROR(E11/E$28,"") | F23: =IFERROR(F11/F$28,"") | G23: =IFERROR(G11/G$28,"") | H23: =IFERROR(H11/H$28,"") | I23: =IFERROR(I11/I$28,"") | J23: =IFERROR(J11/J$28,"") | K23: =IFERROR(AVERAGE(C23:J23),"")
B24: FO-81 Sürü Sağlığı ve Yaşatma Başarısı | C24: =IFERROR(C12/C$28,"") | D24: =IFERROR(D12/D$28,"") | E24: =IFERROR(E12/E$28,"") | F24: =IFERROR(F12/F$28,"") | G24: =IFERROR(G12/G$28,"") | H24: =IFERROR(H12/H$28,"") | I24: =IFERROR(I12/I$28,"") | J24: =IFERROR(J12/J$28,"") | K24: =IFERROR(AVERAGE(C24:J24),"")
B25: FO-82 Genetik Çoğaltım ve Döl Verimi Verimliliği | C25: =IFERROR(C13/C$28,"") | D25: =IFERROR(D13/D$28,"") | E25: =IFERROR(E13/E$28,"") | F25: =IFERROR(F13/F$28,"") | G25: =IFERROR(G13/G$28,"") | H25: =IFERROR(H13/H$28,"") | I25: =IFERROR(I13/I$28,"") | J25: =IFERROR(J13/J$28,"") | K25: =IFERROR(AVERAGE(C25:J25),"")
B26: FO-83 Bölgesel Gıda Güvenliği ve Damızlık Arzı | C26: =IFERROR(C14/C$28,"") | D26: =IFERROR(D14/D$28,"") | E26: =IFERROR(E14/E$28,"") | F26: =IFERROR(F14/F$28,"") | G26: =IFERROR(G14/G$28,"") | H26: =IFERROR(H14/H$28,"") | I26: =IFERROR(I14/I$28,"") | J26: =IFERROR(J14/J$28,"") | K26: =IFERROR(AVERAGE(C26:J26),"")
B27: FO-84 Çevresel Emisyon Yoğunluğu (Karbon Ayak İzi) | C27: =IFERROR(C15/C$28,"") | D27: =IFERROR(D15/D$28,"") | E27: =IFERROR(E15/E$28,"") | F27: =IFERROR(F15/F$28,"") | G27: =IFERROR(G15/G$28,"") | H27: =IFERROR(H15/H$28,"") | I27: =IFERROR(I15/I$28,"") | J27: =IFERROR(J15/J$28,"") | K27: =IFERROR(AVERAGE(C27:J27),"")
B28: Sütun toplamı | C28: =SUM(C8:C15) | D28: =SUM(D8:D15) | E28: =SUM(E8:E15) | F28: =SUM(F8:F15) | G28: =SUM(G8:G15) | H28: =SUM(H8:H15) | I28: =SUM(I8:I15) | J28: =SUM(J8:J15)
B30: Ağırlık toplamı | K30: =SUM(K20:K27)
B32: 3. Tutarlılık analizi
B33: λmax | K33: =C28*K20+D28*K21+E28*K22+F28*K23+G28*K24+H28*K25+I28*K26+J28*K27
B34: CI | K34: =IFERROR((K33-8)/(8-1),"")
B35: RI (n=8) | K35: 1.41
B36: CR | K36: =IFERROR(K34/K35,"")
B37: Karar | K37: =IF(COUNT(D8,E8,F8,G8,H8,I8,J8,E9,F9,G9,H9,I9,J9,F10,G10,H10,I10,J10,G11,H11,I11,J11,H12,I12,J12,I13,J13,J14)<28,"Veri bekleniyor",IF(K36<=0.1,"Tutarlı (CR ≤ 0,10)","Gözden geçirilmeli (CR > 0,10)"))

Sheet FO_BitkiselU
B2: Finans ve Operasyon → Bitkisel Üretim Göstergeleri AHP
B4: Karşılaştırma düzeyi | C4: Finans ve Operasyon → Bitkisel Üretim
B6: 1. İkili karşılaştırma matrisi – sarı hücrelere giriş yapınız
C7: FO-85 Tarımsal Yoğunluk ve Birim Maliyet Yönetimi | D7: FO-86 Toprak Hazırlığı ve Koruyucu Tarım Kalitesi | E7: FO-87 Tarımsal Girdi Kaynaklı Karbon Ayak İzi | F7: FO-88 Ürün Deseninde Stratejik Esneklik | H7: Giriş açıklaması
B8: FO-85 Tarımsal Yoğunluk ve Birim Maliyet Yönetimi | C8: 1 | D8: 2 | E8: =0.5 | F8: 3 | H8: Sarı hücrelere Saaty ölçeğinde 1–9 veya ters değerleri giriniz. Yeşil hücreler otomatik ters değerlerdir.
B9: FO-86 Toprak Hazırlığı ve Koruyucu Tarım Kalitesi | C9: =IFERROR(1/D8,"") | D9: 1 | E9: =1/3 | F9: 2
B10: FO-87 Tarımsal Girdi Kaynaklı Karbon Ayak İzi | C10: =IFERROR(1/E8,"") | D10: =IFERROR(1/E9,"") | E10: 1 | F10: 4
B11: FO-88 Ürün Deseninde Stratejik Esneklik | C11: =IFERROR(1/F8,"") | D11: =IFERROR(1/F9,"") | E11: =IFERROR(1/F10,"") | F11: 1
B14: 2. Normalize matris ve yerel ağırlıklar
C15: FO-85 Tarımsal Yoğunluk ve Birim Maliyet Yönetimi | D15: FO-86 Toprak Hazırlığı ve Koruyucu Tarım Kalitesi | E15: FO-87 Tarımsal Girdi Kaynaklı Karbon Ayak İzi | F15: FO-88 Ürün Deseninde Stratejik Esneklik | G15: Yerel ağırlık
B16: FO-85 Tarımsal Yoğunluk ve Birim Maliyet Yönetimi | C16: =IFERROR(C8/C$20,"") | D16: =IFERROR(D8/D$20,"") | E16: =IFERROR(E8/E$20,"") | F16: =IFERROR(F8/F$20,"") | G16: =IFERROR(AVERAGE(C16:F16),"")
B17: FO-86 Toprak Hazırlığı ve Koruyucu Tarım Kalitesi | C17: =IFERROR(C9/C$20,"") | D17: =IFERROR(D9/D$20,"") | E17: =IFERROR(E9/E$20,"") | F17: =IFERROR(F9/F$20,"") | G17: =IFERROR(AVERAGE(C17:F17),"")
B18: FO-87 Tarımsal Girdi Kaynaklı Karbon Ayak İzi | C18: =IFERROR(C10/C$20,"") | D18: =IFERROR(D10/D$20,"") | E18: =IFERROR(E10/E$20,"") | F18: =IFERROR(F10/F$20,"") | G18: =IFERROR(AVERAGE(C18:F18),"")
B19: FO-88 Ürün Deseninde Stratejik Esneklik | C19: =IFERROR(C11/C$20,"") | D19: =IFERROR(D11/D$20,"") | E19: =IFERROR(E11/E$20,"") | F19: =IFERROR(F11/F$20,"") | G19: =IFERROR(AVERAGE(C19:F19),"")
B20: Sütun toplamı | C20: =SUM(C8:C11) | D20: =SUM(D8:D11) | E20: =SUM(E8:E11) | F20: =SUM(F8:F11)
B22: Ağırlık toplamı | G22: =SUM(G16:G19)
B24: 3. Tutarlılık analizi
B25: λmax | G25: =C20*G16+D20*G17+E20*G18+F20*G19
B26: CI | G26: =IFERROR((G25-4)/(4-1),"")
B27: RI (n=4) | G27: 0.9
B28: CR | G28: =IFERROR(G26/G27,"")
B29: Karar | G29: =IF(COUNT(D8,E8,F8,E9,F9,F10)<6,"Veri bekleniyor",IF(G28<=0.1,"Tutarlı (CR ≤ 0,10)","Gözden geçirilmeli (CR > 0,10)"))

Sheet AHP ve BSS
U1: Senaryo 1:Yeni AHP Çalışması Sonucu | AA1: Senaryo 2: Makaledeki AHP Çalışması | AG1: Senaryo 3: 25:25:25:25 | AN1: Senaryo 4: 25:25:25:25; Alt Bloklar eşit25:25:25:25 | AT1: Senaryo 5: 25:25:25:25; Alt Bloklar 25:25:25:25; Göstergeler eşit | BB1: Senaryo 6: 40:20:20:20 | BH1: Senaryo 7: 20:40:20:20 | BN1: Senaryo8: 20:20:40:20 | BT1: Senaryo9: 20:20:20:40 | BZ1: Senaryo10: 34:33:33:0
D2: Makale | G2: Yeni AHP Çalışması | L2: İşletmelerin Sürdürülebilirlik Ham Puanları | R2: 100'lük Skala Puanı | U2: Sürdürülebilirlik Puanına Etkisi | AA2: Sürdürülebilirlik Puanına Etkisi | AG2: Sürdürülebilirlik Puanına Etkisi | AN2: Sürdürülebilirlik Puanına Etkisi | AV2: Sürdürülebilirlik Puanına Etkisi | BB2: Sürdürülebilirlik Puanına Etkisi | BH2: Sürdürülebilirlik Puanına Etkisi | BN2: Sürdürülebilirlik Puanına Etkisi | BT2: Sürdürülebilirlik Puanına Etkisi | BZ2: Sürdürülebilirlik Puanına Etkisi
A3: Gösterge | C3: Göstergenin seçilme sebebi | D3: W(ana blok) | E3: W gösterge*Walt kategori | F3: Wk | G3: Ana Blok Ağırlığı | H3: Alt Kategori Ağırlığı | I3: Gösterge Ağırlığı | J3: Wt | K3: w alt kategori*w göst | L3: CYL Açıklama | M3: Xjk CYL | N3: KRC Açıklama | O3: Xjk KRC | P3: GZL Açıklama | Q3: Xjk GZL | R3: CYL | S3: KRC | T3: GZL | U3: CYL | V3: CYL Xij*wi*wk | W3: KRC | X3: KRC Xij*wi*wk | Y3: GZL | Z3: GZL Xij*wi*wk | AA3: CYL | AB3: CYL Xij*wi*wk | AC3: KRC | AD3: KRC Xij*wi*wk | AE3: GZL | AF3: GZL Xij*wi*wk | AG3: CYL | AH3: CYL Xij*wi*wk | AI3: KRC | AJ3: KRC Xij*wi*wk | AK3: GZL | AL3: GZL Xij*wi*wk | AM3: Wk | AN3: CYL | AO3: CYL Xij*wi*wk | AP3: KRC | AQ3: KRC Xij*wi*wk | AR3: GZL | AS3: GZL Xij*wi*wk | AT3: Wi | AU3: Wk | AV3: CYL | AW3: CYL Xij*wi*wk | AX3: KRC | AY3: KRC Xij*wi*wk | AZ3: GZL | BA3: GZL Xij*wi*wk | BB3: CYL | BC3: CYL Xij*wi*wk | BD3: KRC | BE3: KRC Xij*wi*wk | BF3: GZL | BG3: GZL Xij*wi*wk | BH3: CYL | BI3: CYL Xij*wi*wk | BJ3: KRC | BK3: KRC Xij*wi*wk | BL3: GZL | BM3: GZL Xij*wi*wk | BN3: CYL | BO3: CYL Xij*wi*wk | BP3: KRC | BQ3: KRC Xij*wi*wk | BR3: GZL | BS3: GZL Xij*wi*wk | BT3: CYL | BU3: CYL Xij*wi*wk | BV3: KRC | BW3: KRC Xij*wi*wk | BX3: GZL | BY3: GZL Xij*wi*wk | BZ3: CYL | CA3: CYL Xij*wi*wk | CB3: KRC | CC3: KRC Xij*wi*wk | CD3: GZL | CE3: GZL Xij*wi*wk
A4: 1 | B4: Enerji Kaynağı(Fosil, Elektrik, Yenilenebilir) | C4: işletmenin ana enerji bağımlılığını belirler. Şebeke elektriğinin payı, su yönetimi maliyetiyle doğrudan ilişkilidir. | D4: =ESG_FO_Makale!$G$17 | E4: 0.0625 | F4: =D4*E4 | G4: =ESG_FO_AnaBlok!G17 | H4: =E_AltGruplar!$G$16 | I4: =E_EnerjiEmis!J19 | J4: =G4*H4*I4 | K4: =H4*I4 | L4: İşletmenin enerji karmasında şebeke elektriği ile GES ve biyogaz gibi yenilenebilir enerji projeleri birlikte yer almaktadır. Bununla birlikte, yenilenebilir kaynakların mevcut toplam tüketim içindeki payının sınırlı olduğunu göstermektedir. GES kapsamının artırılması çalışmaları bulunmaktadır. | M4: 3 | N4: İşletmenin enerji karmasında şebeke elektriği, kömür, LPG, CNG, benzin ve motorin tüketimleri bulunmaktadır. GES kullanımının yalnızca lojmanlarla sınırlıdır. Enerji türlerinin ayrıntılı biçimde envanterlenmesi olumlu olmakla birlikte, fosil yakıt bağımlılığı ve yenilenebilir enerji payının sınırlı olması nedeniyle gösterge orta-alt düzeyde puanlanmıştır. | O4: 2 | P4: İşletmenin enerji kullanımı ağırlıklı olarak şebeke elektriği ve fosil yakıtlara dayanmaktadır; enerji türlerinin ayrıştırılması ve emisyon hesabına elverişli kayıtların bulunması olumlu bir izlenebilirlik unsurudur. Ancak enerji karmasının fosil yakıt ağırlığı nedeniyle performans puanı sınırlı tutulmuştur. | Q4: 2 | R4: =100*(M4-1)/4 | S4: =100*(O4-1)/4 | T4: =100*(Q4-1)/4 | U4: =R4*$J4 | V4: =R4*K4 | W4: =S4*$J4 | X4: =S4*K4 | Y4: =T4*$J4 | Z4: =T4*K4 | AA4: =R4*F4 | AB4: =R4*E4 | AC4: =S4*F4 | AD4: =S4*E4 | AE4: =T4*F4 | AF4: =T4*E4 | AG4: =R4*0.25*$K4 | AH4: =K4*R4 | AI4: =S4*0.25*$K4 | AJ4: =S4*K4 | AK4: =T4*0.25*$K4 | AL4: =K4*T4 | AM4: 0.25 | AN4: =R4*I4*AM4*0.25 | AO4: =R4*I4*AM4 | AP4: =S4*I4*AM4*0.25 | AQ4: =S4*I4*AM4 | AR4: =T4*I4*AM4*0.25 | AS4: =T4*I4*AM4 | AT4: =1/7 | AU4: 0.25 | AV4: =R4*AT4*AU4*0.25 | AW4: =R4*AT4*AU4 | AX4: =S4*AT4*AU4*0.25 | AY4: =S4*AT4*AU4 | AZ4: =T4*AT4*AU4*0.25 | BA4: =T4*AT4*AU4 | BB4: =R4*K4*0.4 | BC4: =R4*K4 | BD4: =S4*K4*0.4 | BE4: =S4*K4 | BF4: =T4*K4*0.4 | BG4: =T4*K4 | BH4: =R4*K4*0.2 | BI4: =R4*K4 | BJ4: =S4*K4*0.2 | BK4: =S4*K4 | BL4: =T4*K4*0.2 | BM4: =T4*K4 | BN4: =R4*K4*0.2 | BO4: =K4*R4 | BP4: =S4*K4*0.2 | BQ4: =K4*S4 | BR4: =K4*T4*0.2 | BS4: =K4*T4 | BT4: =R4*K4*0.2 | BU4: =R4*K4 | BV4: =S4*K4*0.2 | BW4: =S4*K4 | BX4: =T4*K4*0.2 | BY4: =T4*K4 | BZ4: =R4*K4*0.34 | CA4: =R4*K4 | CB4: =S4*K4*0.34 | CC4: =S4*K4 | CD4: =T4*K4*0.34 | CE4: =T4*K4
A5: 2 | B5: Yıllık toplam enerji tüketimi (kWh/litre) | C5: İşletmenin genel büyüklüğü ile enerji kullanımı arasındaki dengeyi gösterir. Verimliliğin ham verisidir. | D5: =ESG_FO_Makale!$G$17 | E5: 0.0375 | F5: =D5*E5 | G5: =ESG_FO_AnaBlok!$G$17 | H5: =E_AltGruplar!$G$16 | I5: =E_EnerjiEmis!J20 | J5: =G5*H5*I5 | K5: =H5*I5 | L5: 1.5 milyar MJ seviyesinde yüksek ölçekli bir tüketim olsa da, tüm yakıt türleri bazında (LPG, Fuel-oil, Motorin) hassas bir envanter takibi yapılmaktadır. Puan, toplam tüketimin düşük olduğunu değil, enerji girdilerinin farklı kaynaklar itibarıyla izlenmesi ve hesaplamaya elverişli biçimde envanterlenmesi durumunu yansıtmaktadır. | M5: 4 | N5: Toplam enerji kullanımı yaklaşık 483,9 milyon MJ olarak hesaplanmıştır. Enerji kaynaklarının miktar ve dönüşüm katsayılarıyla birlikte kaydedilmesi ölçüm ve raporlama bakımından olumlu bir unsurdur | O5: 3 | P5: Toplam enerji kullanımıyaklaşık 116,9 milyon MJ olarak verilmiş ve yakıt türleri ile dönüşüm katsayıları üzerinden hesaplamaya uygun hâle getirilmiştir. Bu durum enerji kullanımının izlenebilirliği bakımından olumlu bir bulgudur. | Q5: 3 | R5: =100*(M5-1)/4 | S5: =100*(O5-1)/4 | T5: =100*(Q5-1)/4 | U5: =R5*J5 | V5: =R5*K5 | W5: =S5*$J5 | X5: =S5*K5 | Y5: =T5*$J5 | Z5: =T5*K5 | AA5: =R5*F5 | AB5: =R5*E5 | AC5: =S5*F5 | AD5: =S5*E5 | AE5: =T5*F5 | AF5: =T5*E5 | AG5: =R5*0.25*K5 | AH5: =K5*R5 | AI5: =S5*0.25*$K5 | AJ5: =S5*K5 | AK5: =T5*0.25*$K5 | AL5: =K5*T5 | AM5: 0.25 | AN5: =R5*I5*AM5*0.25 | AO5: =R5*I5*AM5 | AP5: =S5*I5*AM5*0.25 | AQ5: =S5*I5*AM5 | AR5: =T5*I5*AM5*0.25 | AS5: =T5*I5*AM5 | AT5: =1/7 | AU5: 0.25 | AV5: =R5*AT5*AU5*0.25 | AW5: =R5*AT5*AU5 | AX5: =S5*AT5*AU5*0.25 | AY5: =S5*AT5*AU5 | AZ5: =T5*AT5*AU5*0.25 | BA5: =T5*AT5*AU5 | BB5: =R5*K5*0.4 | BC5: =R5*K5 | BD5: =S5*K5*0.4 | BE5: =S5*K5 | BF5: =T5*K5*0.4 | BG5: =T5*K5 | BH5: =R5*K5*0.2 | BI5: =R5*K5 | BJ5: =S5*K5*0.2 | BK5: =S5*K5 | BL5: =T5*K5*0.2 | BM5: =T5*K5 | BN5: =R5*K5*0.2 | BO5: =K5*R5 | BP5: =S5*K5*0.2 | BQ5: =K5*S5 | BR5: =K5*T5*0.2 | BS5: =K5*T5 | BT5: =R5*K5*0.2 | BU5: =R5*K5 | BV5: =S5*K5*0.2 | BW5: =S5*K5 | BX5: =T5*K5*0.2 | BY5: =T5*K5 | BZ5: =R5*K5*0.34 | CA5: =R5*K5 | CB5: =S5*K5*0.34 | CC5: =S5*K5 | CD5: =T5*K5*0.34 | CE5: =T5*K5
A6: 3 | B6: Enerji verimliliği artırma uygulamaları | C6: Modernizasyon ve teknik iyileştirme iradesini gösterir (Örn: Pompa revizyonları). | D6: =ESG_FO_Makale!$G$17 | E6: 0.025 | F6: =D6*E6 | G6: =ESG_FO_AnaBlok!$G$17 | H6: =E_AltGruplar!$G$16 | I6: =E_EnerjiEmis!J21 | J6: =G6*H6*I6 | K6: =H6*I6 | L6: GES kaynaklı elektrik payı yaklaşık %1,77’dir. GES ve biyogaz projelerinin bulunması veya planlanması olumlu bir geçiş unsuru olmakla birlikte, mevcut tüketim içindeki fiilî yenilenebilir payın düşük olması nedeniyle gösterge düşük-orta düzeyde puanlanmıştır. | M6: 3 | N6: Spesifik ve ölçülmüş bir enerji verimliliği projesi tanımlanmamakla birlikte, enerji kullanımının ayrıntılı izlenmesi gelecekte verimlilik hedeflerinin oluşturulmasına temel sağlayabilir. Bu nedenle mevcut uygulama kanıtı sınırlı düzeyde değerlendirilmiştir. | O6: 2 | P6: Spesifik ve ölçülmüş bir enerji verimliliği projesi tanımlanmamakla birlikte, enerji kullanımının ayrıntılı izlenmesi gelecekte verimlilik hedeflerinin oluşturulmasına temel sağlayabilir. Bu nedenle mevcut uygulama kanıtı sınırlı düzeyde değerlendirilmiştir. | Q6: 2 | R6: =100*(M6-1)/4 | S6: =100*(O6-1)/4 | T6: =100*(Q6-1)/4 | U6: =R6*J6 | V6: =R6*K6 | W6: =S6*$J6 | X6: =S6*K6 | Y6: =T6*$J6 | Z6: =T6*K6 | AA6: =R6*F6 | AB6: =R6*E6 | AC6: =S6*F6 | AD6: =S6*E6 | AE6: =T6*F6 | AF6: =T6*E6 | AG6: =R6*0.25*K6 | AH6: =K6*R6 | AI6: =S6*0.25*$K6 | AJ6: =S6*K6 | AK6: =T6*0.25*$K6 | AL6: =K6*T6 | AM6: 0.25 | AN6: =R6*I6*AM6*0.25 | AO6: =R6*I6*AM6 | AP6: =S6*I6*AM6*0.25 | AQ6: =S6*I6*AM6 | AR6: =T6*I6*AM6*0.25 | AS6: =T6*I6*AM6 | AT6: =1/7 | AU6: 0.25 | AV6: =R6*AT6*AU6*0.25 | AW6: =R6*AT6*AU6 | AX6: =S6*AT6*AU6*0.25 | AY6: =S6*AT6*AU6 | AZ6: =T6*AT6*AU6*0.25 | BA6: =T6*AT6*AU6 | BB6: =R6*K6*0.4 | BC6: =R6*K6 | BD6: =S6*K6*0.4 | BE6: =S6*K6 | BF6: =T6*K6*0.4 | BG6: =T6*K6 | BH6: =R6*K6*0.2 | BI6: =R6*K6 | BJ6: =S6*K6*0.2 | BK6: =S6*K6 | BL6: =T6*K6*0.2 | BM6: =T6*K6 | BN6: =R6*K6*0.2 | BO6: =K6*R6 | BP6: =S6*K6*0.2 | BQ6: =K6*S6 | BR6: =K6*T6*0.2 | BS6: =K6*T6 | BT6: =R6*K6*0.2 | BU6: =R6*K6 | BV6: =S6*K6*0.2 | BW6: =S6*K6 | BX6: =T6*K6*0.2 | BY6: =T6*K6 | BZ6: =R6*K6*0.34 | CA6: =R6*K6 | CB6: =S6*K6*0.34 | CC6: =S6*K6 | CD6: =T6*K6*0.34 | CE6: =T6*K6
A7: 4 | B7: Yenilenebilir enerji kullanım oranı (%) | C7: Ceylanpınar'daki GES/Biyogaz farkını ölçer. Karbonsuzlaşma stratejisinin en güçlü göstergesidir. | D7: =ESG_FO_Makale!$G$17 | E7: 0.05 | F7: =D7*E7 | G7: =ESG_FO_AnaBlok!$G$17 | H7: =E_AltGruplar!$G$16 | I7: =E_EnerjiEmis!J22 | J7: =G7*H7*I7 | K7: =H7*I7 | L7: Toplam elektrik tüketiminin yalnızca %1,77’si yenilenebilir kaynaklıdır. Mahsuplaşma usulü GES ve ısı geri kazanımlı Biyogaz projeleri ile aktif verimlilik yönetimi yapılmaktadır. | M7: 3 | N7: Yalnızca lojmanlarda GES kullanımı bulunmaktadır | O7: 2 | P7: işletmenin toplam enerji tüketimi içinde fiilî yenilenebilir enerji üretimi veya kullanımını gösteren doğrulanmış bir oran bulunmamaktadır. | Q7: 1 | R7: =100*(M7-1)/4 | S7: =100*(O7-1)/4 | T7: =100*(Q7-1)/4 | U7: =R7*J7 | V7: =R7*K7 | W7: =S7*$J7 | X7: =S7*K7 | Y7: =T7*$J7 | Z7: =T7*K7 | AA7: =R7*F7 | AB7: =R7*E7 | AC7: =S7*F7 | AD7: =S7*E7 | AE7: =T7*F7 | AF7: =T7*E7 | AG7: =R7*0.25*K7 | AH7: =K7*R7 | AI7: =S7*0.25*$K7 | AJ7: =S7*K7 | AK7: =T7*0.25*$K7 | AL7: =K7*T7 | AM7: 0.25 | AN7: =R7*I7*AM7*0.25 | AO7: =R7*I7*AM7 | AP7: =S7*I7*AM7*0.25 | AQ7: =S7*I7*AM7 | AR7: =T7*I7*AM7*0.25 | AS7: =T7*I7*AM7 | AT7: =1/7 | AU7: 0.25 | AV7: =R7*AT7*AU7*0.25 | AW7: =R7*AT7*AU7 | AX7: =S7*AT7*AU7*0.25 | AY7: =S7*AT7*AU7 | AZ7: =T7*AT7*AU7*0.25 | BA7: =T7*AT7*AU7 | BB7: =R7*K7*0.4 | BC7: =R7*K7 | BD7: =S7*K7*0.4 | BE7: =S7*K7 | BF7: =T7*K7*0.4 | BG7: =T7*K7 | BH7: =R7*K7*0.2 | BI7: =R7*K7 | BJ7: =S7*K7*0.2 | BK7: =S7*K7 | BL7: =T7*K7*0.2 | BM7: =T7*K7 | BN7: =R7*K7*0.2 | BO7: =K7*R7 | BP7: =S7*K7*0.2 | BQ7: =K7*S7 | BR7: =K7*T7*0.2 | BS7: =K7*T7 | BT7: =R7*K7*0.2 | BU7: =R7*K7 | BV7: =S7*K7*0.2 | BW7: =S7*K7 | BX7: =T7*K7*0.2 | BY7: =T7*K7 | BZ7: =R7*K7*0.34 | CA7: =R7*K7 | CB7: =S7*K7*0.34 | CC7: =S7*K7 | CD7: =T7*K7*0.34 | CE7: =T7*K7
A8: 5 | B8: Karbon ayak izi hesaplama durumu | C8: Gözlü örneğindeki gibi IPCC katsayılarıyla analiz yapılıp yapılmadığını (denetim şeffaflığını) ölçer. | D8: =ESG_FO_Makale!$G$17 | E8: 0.0375 | F8: =D8*E8 | G8: =ESG_FO_AnaBlok!$G$17 | H8: =E_AltGruplar!$G$16 | I8: =E_EnerjiEmis!J23 | J8: =G8*H8*I8 | K8: =H8*I8 | L8: Kurumsal hesaplama ve raporlama henüz mevcut değil; ancak ayrıntılı kayıt ve dokümantasyon hesaplama altyapısı sağlamakta. | M8: 2 | N8: Kurumsal hesaplama ve raporlama henüz mevcut değil; ancak ayrıntılı kayıt ve dokümantasyon hesaplama altyapısı sağlamakta. | O8: 2 | P8: Kurumsal hesaplama ve raporlama henüz mevcut değil; ancak ayrıntılı kayıt ve dokümantasyon hesaplama altyapısı sağlamakta. | Q8: 2 | R8: =100*(M8-1)/4 | S8: =100*(O8-1)/4 | T8: =100*(Q8-1)/4 | U8: =R8*J8 | V8: =R8*K8 | W8: =S8*$J8 | X8: =S8*K8 | Y8: =T8*$J8 | Z8: =T8*K8 | AA8: =R8*F8 | AB8: =R8*E8 | AC8: =S8*F8 | AD8: =S8*E8 | AE8: =T8*F8 | AF8: =T8*E8 | AG8: =R8*0.25*K8 | AH8: =K8*R8 | AI8: =S8*0.25*$K8 | AJ8: =S8*K8 | AK8: =T8*0.25*$K8 | AL8: =K8*T8 | AM8: 0.25 | AN8: =R8*I8*AM8*0.25 | AO8: =R8*I8*AM8 | AP8: =S8*I8*AM8*0.25 | AQ8: =S8*I8*AM8 | AR8: =T8*I8*AM8*0.25 | AS8: =T8*I8*AM8 | AT8: =1/7 | AU8: 0.25 | AV8: =R8*AT8*AU8*0.25 | AW8: =R8*AT8*AU8 | AX8: =S8*AT8*AU8*0.25 | AY8: =S8*AT8*AU8 | AZ8: =T8*AT8*AU8*0.25 | BA8: =T8*AT8*AU8 | BB8: =R8*K8*0.4 | BC8: =R8*K8 | BD8: =S8*K8*0.4 | BE8: =S8*K8 | BF8: =T8*K8*0.4 | BG8: =T8*K8 | BH8: =R8*K8*0.2 | BI8: =R8*K8 | BJ8: =S8*K8*0.2 | BK8: =S8*K8 | BL8: =T8*K8*0.2 | BM8: =T8*K8 | BN8: =R8*K8*0.2 | BO8: =K8*R8 | BP8: =S8*K8*0.2 | BQ8: =K8*S8 | BR8: =K8*T8*0.2 | BS8: =K8*T8 | BT8: =R8*K8*0.2 | BU8: =R8*K8 | BV8: =S8*K8*0.2 | BW8: =S8*K8 | BX8: =T8*K8*0.2 | BY8: =T8*K8 | BZ8: =R8*K8*0.34 | CA8: =R8*K8 | CB8: =S8*K8*0.34 | CC8: =S8*K8 | CD8: =T8*K8*0.34 | CE8: =T8*K8
A9: 6 | B9: İş makineleri yakıt verimliliği | C9: TİGEM’in devasa makine parkının (traktör vb.) operasyonel verimliliğidir. | D9: =ESG_FO_Makale!$G$17 | E9: 0.025 | F9: =D9*E9 | G9: =ESG_FO_AnaBlok!$G$17 | H9: =E_AltGruplar!$G$16 | I9: =E_EnerjiEmis!J24 | J9: =G9*H9*I9 | K9: =H9*I9 | L9: Envanterde modern makinelerin yanı sıra ekonomik ömrünü tamamlamış araçların bulunması ve yakıt verimliliği odaklı bir izleme/analiz çalışmasının olmaması puanı düşürmektedir. | M9: 2 | N9: Envanterde modern makinelerin yanı sıra ekonomik ömrünü tamamlamış araçların bulunması ve yakıt verimliliği odaklı bir izleme/analiz çalışmasının olmaması puanı düşürmektedir. | O9: 2 | P9: Envanterde modern makinelerin yanı sıra ekonomik ömrünü tamamlamış araçların bulunması ve yakıt verimliliği odaklı bir izleme/analiz çalışmasının olmaması puanı düşürmektedir. | Q9: 2 | R9: =100*(M9-1)/4 | S9: =100*(O9-1)/4 | T9: =100*(Q9-1)/4 | U9: =R9*J9 | V9: =R9*K9 | W9: =S9*$J9 | X9: =S9*K9 | Y9: =T9*$J9 | Z9: =T9*K9 | AA9: =R9*F9 | AB9: =R9*E9 | AC9: =S9*F9 | AD9: =S9*E9 | AE9: =T9*F9 | AF9: =T9*E9 | AG9: =R9*0.25*K9 | AH9: =K9*R9 | AI9: =S9*0.25*$K9 | AJ9: =S9*K9 | AK9: =T9*0.25*$K9 | AL9: =K9*T9 | AM9: 0.25 | AN9: =R9*I9*AM9*0.25 | AO9: =R9*I9*AM9 | AP9: =S9*I9*AM9*0.25 | AQ9: =S9*I9*AM9 | AR9: =T9*I9*AM9*0.25 | AS9: =T9*I9*AM9 | AT9: =1/7 | AU9: 0.25 | AV9: =R9*AT9*AU9*0.25 | AW9: =R9*AT9*AU9 | AX9: =S9*AT9*AU9*0.25 | AY9: =S9*AT9*AU9 | AZ9: =T9*AT9*AU9*0.25 | BA9: =T9*AT9*AU9 | BB9: =R9*K9*0.4 | BC9: =R9*K9 | BD9: =S9*K9*0.4 | BE9: =S9*K9 | BF9: =T9*K9*0.4 | BG9: =T9*K9 | BH9: =R9*K9*0.2 | BI9: =R9*K9 | BJ9: =S9*K9*0.2 | BK9: =S9*K9 | BL9: =T9*K9*0.2 | BM9: =T9*K9 | BN9: =R9*K9*0.2 | BO9: =K9*R9 | BP9: =S9*K9*0.2 | BQ9: =K9*S9 | BR9: =K9*T9*0.2 | BS9: =K9*T9 | BT9: =R9*K9*0.2 | BU9: =R9*K9 | BV9: =S9*K9*0.2 | BW9: =S9*K9 | BX9: =T9*K9*0.2 | BY9: =T9*K9 | BZ9: =R9*K9*0.34 | CA9: =R9*K9 | CB9: =S9*K9*0.34 | CC9: =S9*K9 | CD9: =T9*K9*0.34 | CE9: =T9*K9
A10: 7 | B10: Lojistik ve dağıtım ağı mesafesi (300 km kriteri) | C10: Mesafe ve rota yönetimidir; enerji sepetindeki payı diğerlerine göre daha kısıtlıdır. | D10: =ESG_FO_Makale!$G$17 | E10: 0.0125 | F10: =D10*E10 | G10: =ESG_FO_AnaBlok!$G$17 | H10: =E_AltGruplar!$G$16 | I10: =E_EnerjiEmis!J25 | J10: =G10*H10*I10 | K10: =H10*I10 | L10: İşletmenin coğrafi konumu ve dağıtım noktalarına olan uzaklığı nedeniyle lojistik mesafenin yüksek olduğu değerlendirilmiştir | M10: 2 | N10: Büyük pazarlara yakınlık avantajı olsa da nakliye ağı geniştir. | O10: 3 | P10: Büyük tüketim ve pazarlara görece yakınlık lojistik mesafeyi azaltabilecek bir avantaj sağlasa | Q10: 3 | R10: =100*(M10-1)/4 | S10: =100*(O10-1)/4 | T10: =100*(Q10-1)/4 | U10: =R10*J10 | V10: =R10*K10 | W10: =S10*$J10 | X10: =S10*K10 | Y10: =T10*$J10 | Z10: =T10*K10 | AA10: =R10*F10 | AB10: =R10*E10 | AC10: =S10*F10 | AD10: =S10*E10 | AE10: =T10*F10 | AF10: =T10*E10 | AG10: =R10*0.25*K10 | AH10: =K10*R10 | AI10: =S10*0.25*$K10 | AJ10: =S10*K10 | AK10: =T10*0.25*$K10 | AL10: =K10*T10 | AM10: 0.25 | AN10: =R10*I10*AM10*0.25 | AO10: =R10*I10*AM10 | AP10: =S10*I10*AM10*0.25 | AQ10: =S10*I10*AM10 | AR10: =T10*I10*AM10*0.25 | AS10: =T10*I10*AM10 | AT10: =1/7 | AU10: 0.25 | AV10: =R10*AT10*AU10*0.25 | AW10: =R10*AT10*AU10 | AX10: =S10*AT10*AU10*0.25 | AY10: =S10*AT10*AU10 | AZ10: =T10*AT10*AU10*0.25 | BA10: =T10*AT10*AU10 | BB10: =R10*K10*0.4 | BC10: =R10*K10 | BD10: =S10*K10*0.4 | BE10: =S10*K10 | BF10: =T10*K10*0.4 | BG10: =T10*K10 | BH10: =R10*K10*0.2 | BI10: =R10*K10 | BJ10: =S10*K10*0.2 | BK10: =S10*K10 | BL10: =T10*K10*0.2 | BM10: =T10*K10 | BN10: =R10*K10*0.2 | BO10: =K10*R10 | BP10: =S10*K10*0.2 | BQ10: =K10*S10 | BR10: =K10*T10*0.2 | BS10: =K10*T10 | BT10: =R10*K10*0.2 | BU10: =R10*K10 | BV10: =S10*K10*0.2 | BW10: =S10*K10 | BX10: =T10*K10*0.2 | BY10: =T10*K10 | BZ10: =R10*K10*0.34 | CA10: =R10*K10 | CB10: =S10*K10*0.34 | CC10: =S10*K10 | CD10: =T10*K10*0.34 | CE10: =T10*K10
A11: 8 | B11: Toplam yıllık su çekimi/tüketimi | C11: Hacimsel Denetim: Kaynaktan çekilen ham suyun miktarıdır. Enerji tüketimiyle (kWh) en yüksek korelasyona sahip veridir. | D11: =ESG_FO_Makale!$G$17 | E11: 0.0525 | F11: =D11*E11 | G11: =ESG_FO_AnaBlok!$G$17 | H11: =E_AltGruplar!$G$17 | I11: =E_SuYonetim!J19 | J11: =G11*H11*I11 | K11: =H11*I11 | L11: 2023 Yılı Bilanço cetvellerinde bu gösterge için “180.017.524 m³” değeri yer almaktadır. Ceylanpınar'ın 180 milyon m³ su çekmesi tek başına hacim üzerinden "yüksek tüketim" gibi görünse de, 802 bin dekarı sulaması ve bunu yaparken Center Pivot ve toprak nem sensörleri kullanması, coğrafi riski teknolojiyle "disipline ettiğini" göstermektedir. | M11: 3 | N11: Bilanço cetvellerinde miktar yer almamakla birlikte 5.889.453 TL sulama maliyeti ve 31 bin dekar sulanan arazi bilgisi yer almaktadır. | O11: 2 | P11: Bilanço cetvellerinde miktar yer almamakla birlikte 1.971.960 TL sulama maliyeti ve 35 bin dekar sulanan arazi bilgisi yer almaktadır. | Q11: 3 | R11: =100*(M11-1)/4 | S11: =100*(O11-1)/4 | T11: =100*(Q11-1)/4 | U11: =R11*J11 | V11: =R11*K11 | W11: =S11*$J11 | X11: =S11*K11 | Y11: =T11*$J11 | Z11: =T11*K11 | AA11: =R11*F11 | AB11: =R11*E11 | AC11: =S11*F11 | AD11: =S11*E11 | AE11: =T11*F11 | AF11: =T11*E11 | AG11: =R11*0.25*K11 | AH11: =K11*R11 | AI11: =S11*0.25*$K11 | AJ11: =S11*K11 | AK11: =T11*0.25*$K11 | AL11: =K11*T11 | AM11: 0.25 | AN11: =R11*I11*AM11*0.25 | AO11: =R11*I11*AM11 | AP11: =S11*I11*AM11*0.25 | AQ11: =S11*I11*AM11 | AR11: =T11*I11*AM11*0.25 | AS11: =T11*I11*AM11 | AT11: =1/7 | AU11: 0.25 | AV11: =R11*AT11*AU11*0.25 | AW11: =R11*AT11*AU11 | AX11: =S11*AT11*AU11*0.25 | AY11: =S11*AT11*AU11 | AZ11: =T11*AT11*AU11*0.25 | BA11: =T11*AT11*AU11 | BB11: =R11*K11*0.4 | BC11: =R11*K11 | BD11: =S11*K11*0.4 | BE11: =S11*K11 | BF11: =T11*K11*0.4 | BG11: =T11*K11 | BH11: =R11*K11*0.2 | BI11: =R11*K11 | BJ11: =S11*K11*0.2 | BK11: =S11*K11 | BL11: =T11*K11*0.2 | BM11: =T11*K11 | BN11: =R11*K11*0.2 | BO11: =K11*R11 | BP11: =S11*K11*0.2 | BQ11: =K11*S11 | BR11: =K11*T11*0.2 | BS11: =K11*T11 | BT11: =R11*K11*0.2 | BU11: =R11*K11 | BV11: =S11*K11*0.2 | BW11: =S11*K11 | BX11: =T11*K11*0.2 | BY11: =T11*K11 | BZ11: =R11*K11*0.34 | CA11: =R11*K11 | CB11: =S11*K11*0.34 | CC11: =S11*K11 | CD11: =T11*K11*0.34 | CE11: =T11*K11
A12: 9 | B12: Su kaynakları (Yeraltı, Yüzey, Şebeke) | C12: Stratejik Risk: Kaynağın kompozisyonudur. Yeraltı suyuna bağımlılık (Ceylanpınar örneği), yüksek enerji maliyeti ve tükenme riski demektir. | D12: =ESG_FO_Makale!$G$17 | E12: 0.07 | F12: =D12*E12 | G12: =ESG_FO_AnaBlok!$G$17 | H12: =E_AltGruplar!$G$17 | I12: =E_SuYonetim!J20 | J12: =G12*H12*I12 | K12: =H12*I12 | L12: İşletmenin yeraltı suyu ile kanal/yüzey suyu kaynaklarını birlikte kullanması, tek bir su kaynağına bağımlılığı azaltan olumlu bir unsur olarak değerlendirilmiştir. Bununla birlikte bölgede düşük yağış (263 mm) ve yeraltı su seviyesine ilişkin riskler bulunduğundan, kaynak çeşitliliği su arzı riskini tamamen ortadan kaldırmamaktadır. | M12: 4 | N12: 428 mm yağışla en şanslı bölgededir; ancak su temini büyük oranda şebeke/yeraltı odaklıdır. | O12: 4 | P12: Konya Havzası'ndaki aşırı yeraltı su çekimi ve obruk oluşumu riskleri altında faaliyet göstermektedir. 298 mm yağışla kurak bir iklimdedir. Düşük maliyetli yönetim sergilese de, yeraltı sularına olan yüksek bağımlılık çevresel sürdürülebilirlik açısından riski yükseltmektedir. | Q12: 2 | R12: =100*(M12-1)/4 | S12: =100*(O12-1)/4 | T12: =100*(Q12-1)/4 | U12: =R12*J12 | V12: =R12*K12 | W12: =S12*$J12 | X12: =S12*K12 | Y12: =T12*$J12 | Z12: =T12*K12 | AA12: =R12*F12 | AB12: =R12*E12 | AC12: =S12*F12 | AD12: =S12*E12 | AE12: =T12*F12 | AF12: =T12*E12 | AG12: =R12*0.25*K12 | AH12: =K12*R12 | AI12: =S12*0.25*$K12 | AJ12: =S12*K12 | AK12: =T12*0.25*$K12 | AL12: =K12*T12 | AM12: 0.25 | AN12: =R12*I12*AM12*0.25 | AO12: =R12*I12*AM12 | AP12: =S12*I12*AM12*0.25 | AQ12: =S12*I12*AM12 | AR12: =T12*I12*AM12*0.25 | AS12: =T12*I12*AM12 | AT12: =1/7 | AU12: 0.25 | AV12: =R12*AT12*AU12*0.25 | AW12: =R12*AT12*AU12 | AX12: =S12*AT12*AU12*0.25 | AY12: =S12*AT12*AU12 | AZ12: =T12*AT12*AU12*0.25 | BA12: =T12*AT12*AU12 | BB12: =R12*K12*0.4 | BC12: =R12*K12 | BD12: =S12*K12*0.4 | BE12: =S12*K12 | BF12: =T12*K12*0.4 | BG12: =T12*K12 | BH12: =R12*K12*0.2 | BI12: =R12*K12 | BJ12: =S12*K12*0.2 | BK12: =S12*K12 | BL12: =T12*K12*0.2 | BM12: =T12*K12 | BN12: =R12*K12*0.2 | BO12: =K12*R12 | BP12: =S12*K12*0.2 | BQ12: =K12*S12 | BR12: =K12*T12*0.2 | BS12: =K12*T12 | BT12: =R12*K12*0.2 | BU12: =R12*K12 | BV12: =S12*K12*0.2 | BW12: =S12*K12 | BX12: =T12*K12*0.2 | BY12: =T12*K12 | BZ12: =R12*K12*0.34 | CA12: =R12*K12 | CB12: =S12*K12*0.34 | CC12: =S12*K12 | CD12: =T12*K12*0.34 | CE12: =T12*K12
A13: 10 | B13: Toplam sulanan arazi varlığı (da) | C13: Ölçek Etkisi: Operasyonun büyüklüğünü temsil eder. Birim başına hesaplamalar (MJ/ha) için temel oluşturur. | D13: =ESG_FO_Makale!$G$17 | E13: 0.0875 | F13: =D13*E13 | G13: =ESG_FO_AnaBlok!$G$17 | H13: =E_AltGruplar!$G$17 | I13: =E_SuYonetim!J21 | J13: =G13*H13*I13 | K13: =H13*I13 | L13: Toplam ekilebilir alanı 966 bin dekar iken 802 bin dekar sulanabilir arazi bulunmaktadır (%83,02). | M13: 5 | N13: Yaklaşık ekilebilir alan 49 bin dekar iken sulanabilir arazi 31 bin dekardır(%63,27). | O13: 4 | P13: Yaklaşık ekilebilir alan 151 bin dekar iken sulanabilir arazi 35 bin dekardır (%23,18). | Q13: 2 | R13: =100*(M13-1)/4 | S13: =100*(O13-1)/4 | T13: =100*(Q13-1)/4 | U13: =R13*J13 | V13: =R13*K13 | W13: =S13*$J13 | X13: =S13*K13 | Y13: =T13*$J13 | Z13: =T13*K13 | AA13: =R13*F13 | AB13: =R13*E13 | AC13: =S13*F13 | AD13: =S13*E13 | AE13: =T13*F13 | AF13: =T13*E13 | AG13: =R13*0.25*K13 | AH13: =K13*R13 | AI13: =S13*0.25*$K13 | AJ13: =S13*K13 | AK13: =T13*0.25*$K13 | AL13: =K13*T13 | AM13: 0.25 | AN13: =R13*I13*AM13*0.25 | AO13: =R13*I13*AM13 | AP13: =S13*I13*AM13*0.25 | AQ13: =S13*I13*AM13 | AR13: =T13*I13*AM13*0.25 | AS13: =T13*I13*AM13 | AT13: =1/7 | AU13: 0.25 | AV13: =R13*AT13*AU13*0.25 | AW13: =R13*AT13*AU13 | AX13: =S13*AT13*AU13*0.25 | AY13: =S13*AT13*AU13 | AZ13: =T13*AT13*AU13*0.25 | BA13: =T13*AT13*AU13 | BB13: =R13*K13*0.4 | BC13: =R13*K13 | BD13: =S13*K13*0.4 | BE13: =S13*K13 | BF13: =T13*K13*0.4 | BG13: =T13*K13 | BH13: =R13*K13*0.2 | BI13: =R13*K13 | BJ13: =S13*K13*0.2 | BK13: =S13*K13 | BL13: =T13*K13*0.2 | BM13: =T13*K13 | BN13: =R13*K13*0.2 | BO13: =K13*R13 | BP13: =S13*K13*0.2 | BQ13: =K13*S13 | BR13: =K13*T13*0.2 | BS13: =K13*T13 | BT13: =R13*K13*0.2 | BU13: =R13*K13 | BV13: =S13*K13*0.2 | BW13: =S13*K13 | BX13: =T13*K13*0.2 | BY13: =T13*K13 | BZ13: =R13*K13*0.34 | CA13: =R13*K13 | CB13: =S13*K13*0.34 | CC13: =S13*K13 | CD13: =T13*K13*0.34 | CE13: =T13*K13
A14: 11 | B14: Su tasarrufu teknikleri (Damla/Yağmurlama) | C14: Doğrudan Enerji Bağı: Sulama teknolojisi, suyun ne kadar verimli (ve ne kadar az enerjiyle) basıldığını belirler. En yüksek puana sahiptir. | D14: =ESG_FO_Makale!$G$17 | E14: 0.035 | F14: =D14*E14 | G14: =ESG_FO_AnaBlok!$G$17 | H14: =E_AltGruplar!$G$17 | I14: =E_SuYonetim!J22 | J14: =G14*H14*I14 | K14: =H14*I14 | L14: Ceylanpınar'ın 180 milyon m³ su çekmesi tek başına hacim üzerinden "yüksek tüketim" gibi görünse de, 802 bin dekarı sulaması ve bunu yaparken Center Pivot ve toprak nem sensörleri kullanması, coğrafi riski teknolojiyle "disipline ettiğini" göstermektedir. | M14: 5 | N14: İşletmenin kontrollü sulama tekniklerinden yararlanması, bölgesel su riskine karşı teknolojik uyum kapasitesini göstermektedir. | O14: 3 | P14: İşletmenin su kısıtı bulunan bir bölgede damla veya pivot gibi daha kontrollü sulama tekniklerinden yararlanması, bölgesel su riskine karşı teknolojik uyum kapasitesini göstermektedir. | Q14: 3 | R14: =100*(M14-1)/4 | S14: =100*(O14-1)/4 | T14: =100*(Q14-1)/4 | U14: =R14*J14 | V14: =R14*K14 | W14: =S14*$J14 | X14: =S14*K14 | Y14: =T14*$J14 | Z14: =T14*K14 | AA14: =R14*F14 | AB14: =R14*E14 | AC14: =S14*F14 | AD14: =S14*E14 | AE14: =T14*F14 | AF14: =T14*E14 | AG14: =R14*0.25*K14 | AH14: =K14*R14 | AI14: =S14*0.25*$K14 | AJ14: =S14*K14 | AK14: =T14*0.25*$K14 | AL14: =K14*T14 | AM14: 0.25 | AN14: =R14*I14*AM14*0.25 | AO14: =R14*I14*AM14 | AP14: =S14*I14*AM14*0.25 | AQ14: =S14*I14*AM14 | AR14: =T14*I14*AM14*0.25 | AS14: =T14*I14*AM14 | AT14: =1/7 | AU14: 0.25 | AV14: =R14*AT14*AU14*0.25 | AW14: =R14*AT14*AU14 | AX14: =S14*AT14*AU14*0.25 | AY14: =S14*AT14*AU14 | AZ14: =T14*AT14*AU14*0.25 | BA14: =T14*AT14*AU14 | BB14: =R14*K14*0.4 | BC14: =R14*K14 | BD14: =S14*K14*0.4 | BE14: =S14*K14 | BF14: =T14*K14*0.4 | BG14: =T14*K14 | BH14: =R14*K14*0.2 | BI14: =R14*K14 | BJ14: =S14*K14*0.2 | BK14: =S14*K14 | BL14: =T14*K14*0.2 | BM14: =T14*K14 | BN14: =R14*K14*0.2 | BO14: =K14*R14 | BP14: =S14*K14*0.2 | BQ14: =K14*S14 | BR14: =K14*T14*0.2 | BS14: =K14*T14 | BT14: =R14*K14*0.2 | BU14: =R14*K14 | BV14: =S14*K14*0.2 | BW14: =S14*K14 | BX14: =T14*K14*0.2 | BY14: =T14*K14 | BZ14: =R14*K14*0.34 | CA14: =R14*K14 | CB14: =S14*K14*0.34 | CC14: =S14*K14 | CD14: =T14*K14*0.34 | CE14: =T14*K14
A15: 12 | B15: Atık su bertaraf ve arıtma yöntemleri | C15: Çevresel Uyum: Hayvancılık ve sosyal tesis atık sularının yönetimidir. Kirletmeme prensibi denetimin bir parçasıdır. | D15: =ESG_FO_Makale!$G$17 | E15: 0.035 | F15: =D15*E15 | G15: =ESG_FO_AnaBlok!$G$17 | H15: =E_AltGruplar!$G$17 | I15: =E_SuYonetim!J23 | J15: =G15*H15*I15 | K15: =H15*I15 | L15: Atık su bertaraf sistemi bulunmamaktadır. | M15: 1 | N15: Atık su bertaraf sistemi bulunmamaktadır. | O15: 1 | P15: Atık su bertaraf sistemi bulunmamaktadır. | Q15: 1 | R15: =100*(M15-1)/4 | S15: =100*(O15-1)/4 | T15: =100*(Q15-1)/4 | U15: =R15*J15 | V15: =R15*K15 | W15: =S15*$J15 | X15: =S15*K15 | Y15: =T15*$J15 | Z15: =T15*K15 | AA15: =R15*F15 | AB15: =R15*E15 | AC15: =S15*F15 | AD15: =S15*E15 | AE15: =T15*F15 | AF15: =T15*E15 | AG15: =R15*0.25*K15 | AH15: =K15*R15 | AI15: =S15*0.25*$K15 | AJ15: =S15*K15 | AK15: =T15*0.25*$K15 | AL15: =K15*T15 | AM15: 0.25 | AN15: =R15*I15*AM15*0.25 | AO15: =R15*I15*AM15 | AP15: =S15*I15*AM15*0.25 | AQ15: =S15*I15*AM15 | AR15: =T15*I15*AM15*0.25 | AS15: =T15*I15*AM15 | AT15: =1/7 | AU15: 0.25 | AV15: =R15*AT15*AU15*0.25 | AW15: =R15*AT15*AU15 | AX15: =S15*AT15*AU15*0.25 | AY15: =S15*AT15*AU15 | AZ15: =T15*AT15*AU15*0.25 | BA15: =T15*AT15*AU15 | BB15: =R15*K15*0.4 | BC15: =R15*K15 | BD15: =S15*K15*0.4 | BE15: =S15*K15 | BF15: =T15*K15*0.4 | BG15: =T15*K15 | BH15: =R15*K15*0.2 | BI15: =R15*K15 | BJ15: =S15*K15*0.2 | BK15: =S15*K15 | BL15: =T15*K15*0.2 | BM15: =T15*K15 | BN15: =R15*K15*0.2 | BO15: =K15*R15 | BP15: =S15*K15*0.2 | BQ15: =K15*S15 | BR15: =K15*T15*0.2 | BS15: =K15*T15 | BT15: =R15*K15*0.2 | BU15: =R15*K15 | BV15: =S15*K15*0.2 | BW15: =S15*K15 | BX15: =T15*K15*0.2 | BY15: =T15*K15 | BZ15: =R15*K15*0.34 | CA15: =R15*K15 | CB15: =S15*K15*0.34 | CC15: =S15*K15 | CD15: =T15*K15*0.34 | CE15: =T15*K15
A16: 13 | B16: Sulu Tarım oranı | C16: Kapasite Kullanımı: İşletmenin su potansiyelini ne kadar kullandığını gösterir. Toplam arazinin ne kadarının bu "Nexus" döngüsünde olduğunu belirler. | D16: =ESG_FO_Makale!$G$17 | E16: 0.0525 | F16: =D16*E16 | G16: =ESG_FO_AnaBlok!$G$17 | H16: =E_AltGruplar!$G$17 | I16: =E_SuYonetim!J24 | J16: =G16*H16*I16 | K16: =H16*I16 | L16: %83 oranında sulamayı sensör ve pivotla yönettiği için "yüksek riski yüksek teknolojiyle yönetme" başarısından dolayı 5 alır. | M16: 5 | N16: 63% oranında sulu tarım yapılması ve yağış miktarının yüksek olması riskini azaltır. | O16: 4 | P16: 23% sulu tarım oranı ile su bağımlılığı daha düşüktür. | Q16: 4 | R16: =100*(M16-1)/4 | S16: =100*(O16-1)/4 | T16: =100*(Q16-1)/4 | U16: =R16*J16 | V16: =R16*K16 | W16: =S16*$J16 | X16: =S16*K16 | Y16: =T16*$J16 | Z16: =T16*K16 | AA16: =R16*F16 | AB16: =R16*E16 | AC16: =S16*F16 | AD16: =S16*E16 | AE16: =T16*F16 | AF16: =T16*E16 | AG16: =R16*0.25*K16 | AH16: =K16*R16 | AI16: =S16*0.25*$K16 | AJ16: =S16*K16 | AK16: =T16*0.25*$K16 | AL16: =K16*T16 | AM16: 0.25 | AN16: =R16*I16*AM16*0.25 | AO16: =R16*I16*AM16 | AP16: =S16*I16*AM16*0.25 | AQ16: =S16*I16*AM16 | AR16: =T16*I16*AM16*0.25 | AS16: =T16*I16*AM16 | AT16: =1/7 | AU16: 0.25 | AV16: =R16*AT16*AU16*0.25 | AW16: =R16*AT16*AU16 | AX16: =S16*AT16*AU16*0.25 | AY16: =S16*AT16*AU16 | AZ16: =T16*AT16*AU16*0.25 | BA16: =T16*AT16*AU16 | BB16: =R16*K16*0.4 | BC16: =R16*K16 | BD16: =S16*K16*0.4 | BE16: =S16*K16 | BF16: =T16*K16*0.4 | BG16: =T16*K16 | BH16: =R16*K16*0.2 | BI16: =R16*K16 | BJ16: =S16*K16*0.2 | BK16: =S16*K16 | BL16: =T16*K16*0.2 | BM16: =T16*K16 | BN16: =R16*K16*0.2 | BO16: =K16*R16 | BP16: =S16*K16*0.2 | BQ16: =K16*S16 | BR16: =K16*T16*0.2 | BS16: =K16*T16 | BT16: =R16*K16*0.2 | BU16: =R16*K16 | BV16: =S16*K16*0.2 | BW16: =S16*K16 | BX16: =T16*K16*0.2 | BY16: =T16*K16 | BZ16: =R16*K16*0.34 | CA16: =R16*K16 | CB16: =S16*K16*0.34 | CC16: =S16*K16 | CD16: =T16*K16*0.34 | CE16: =T16*K16
A17: 14 | B17: Yıllık Yağış | C17: Dışsal Faktör: Önemlidir ancak işletmenin yönetemeyeceği "sabit" bir doğal koşul olduğu için ağırlığı daha düşüktür. | D17: =ESG_FO_Makale!$G$17 | E17: 0.0175 | F17: =D17*E17 | G17: =ESG_FO_AnaBlok!$G$17 | H17: =E_AltGruplar!$G$17 | I17: =E_SuYonetim!J25 | J17: =G17*H17*I17 | K17: =H17*I17 | L17: 263 mm yıllık yağış ile yarı-çöl iklimi. | M17: 2 | N17: 428 mm yıllık yağış ile ekolojik konforu göreli yüksektir. | O17: 4 | P17: 298 mm yıllık yağış. Konya Havzası’nın kronik yeraltı su seviyesi düşüşü riskiyle karşı karşıya. | Q17: 2 | R17: =100*(M17-1)/4 | S17: =100*(O17-1)/4 | T17: =100*(Q17-1)/4 | U17: =R17*J17 | V17: =R17*K17 | W17: =S17*$J17 | X17: =S17*K17 | Y17: =T17*$J17 | Z17: =T17*K17 | AA17: =R17*F17 | AB17: =R17*E17 | AC17: =S17*F17 | AD17: =S17*E17 | AE17: =T17*F17 | AF17: =T17*E17 | AG17: =R17*0.25*K17 | AH17: =K17*R17 | AI17: =S17*0.25*$K17 | AJ17: =S17*K17 | AK17: =T17*0.25*$K17 | AL17: =K17*T17 | AM17: 0.25 | AN17: =R17*I17*AM17*0.25 | AO17: =R17*I17*AM17 | AP17: =S17*I17*AM17*0.25 | AQ17: =S17*I17*AM17 | AR17: =T17*I17*AM17*0.25 | AS17: =T17*I17*AM17 | AT17: =1/7 | AU17: 0.25 | AV17: =R17*AT17*AU17*0.25 | AW17: =R17*AT17*AU17 | AX17: =S17*AT17*AU17*0.25 | AY17: =S17*AT17*AU17 | AZ17: =T17*AT17*AU17*0.25 | BA17: =T17*AT17*AU17 | BB17: =R17*K17*0.4 | BC17: =R17*K17 | BD17: =S17*K17*0.4 | BE17: =S17*K17 | BF17: =T17*K17*0.4 | BG17: =T17*K17 | BH17: =R17*K17*0.2 | BI17: =R17*K17 | BJ17: =S17*K17*0.2 | BK17: =S17*K17 | BL17: =T17*K17*0.2 | BM17: =T17*K17 | BN17: =R17*K17*0.2 | BO17: =K17*R17 | BP17: =S17*K17*0.2 | BQ17: =K17*S17 | BR17: =K17*T17*0.2 | BS17: =K17*T17 | BT17: =R17*K17*0.2 | BU17: =R17*K17 | BV17: =S17*K17*0.2 | BW17: =S17*K17 | BX17: =T17*K17*0.2 | BY17: =T17*K17 | BZ17: =R17*K17*0.34 | CA17: =R17*K17 | CB17: =S17*K17*0.34 | CC17: =S17*K17 | CD17: =T17*K17*0.34 | CE17: =T17*K17
A18: 15 | B18: Korunan alanlara veya hassas ekosistemlere yakınlık | C18: Risk Yönetimi: İşletme faaliyetlerinin çevredeki sit alanlarına veya sulak alanlara olan etkisinin yönetilmesidir. | D18: =ESG_FO_Makale!$G$17 | E18: 0.02 | F18: =D18*E18 | G18: =ESG_FO_AnaBlok!$G$17 | H18: =E_AltGruplar!$G$18 | I18: =E_BiyoToprak!H17 | J18: =G18*H18*I18 | K18: =H18*I18 | L18: İşletme bünyesinde yer alan Asya Ceylanı koruma alanı ve Suriye sınırındaki hassas ekosistem, İşletmeyi doğrudan bir "ex-situ koruma merkezi" haline getirir. | M18: 5 | N18: İşletmenin Marmara Havzası’ndaki konumu, Uluabat Gölü ve Kocaçay Deltası gibi hassas sulak alanlarla ilişkili çevresel risklerin dikkate alınmasını gerektirmektedir. Safkan Arap atı mera alanlarının bulunması da mera yönetimi ve habitat bütünlüğü bakımından ek bir değerlendirme alanı oluşturmaktadır. | O18: 4 | P18: İşletme Konya Havzası’ndaki bozkır ekosistemi içinde yer almakta ve geniş tabi mera alanları nedeniyle bölgesel biyolojik çeşitlilik bakımından önem taşıyabilecek bir arazi varlığına sahiptir. | Q18: 3 | R18: =100*(M18-1)/4 | S18: =100*(O18-1)/4 | T18: =100*(Q18-1)/4 | U18: =R18*J18 | V18: =R18*K18 | W18: =S18*$J18 | X18: =S18*K18 | Y18: =T18*$J18 | Z18: =T18*K18 | AA18: =R18*F18 | AB18: =R18*E18 | AC18: =S18*F18 | AD18: =S18*E18 | AE18: =T18*F18 | AF18: =T18*E18 | AG18: =R18*0.25*K18 | AH18: =K18*R18 | AI18: =S18*0.25*$K18 | AJ18: =S18*K18 | AK18: =T18*0.25*$K18 | AL18: =K18*T18 | AM18: 0.25 | AN18: =R18*I18*AM18*0.25 | AO18: =R18*I18*AM18 | AP18: =S18*I18*AM18*0.25 | AQ18: =S18*I18*AM18 | AR18: =T18*I18*AM18*0.25 | AS18: =T18*I18*AM18 | AT18: =1/5 | AU18: 0.25 | AV18: =R18*AT18*AU18*0.25 | AW18: =R18*AT18*AU18 | AX18: =S18*AT18*AU18*0.25 | AY18: =S18*AT18*AU18 | AZ18: =T18*AT18*AU18*0.25 | BA18: =T18*AT18*AU18 | BB18: =R18*K18*0.4 | BC18: =R18*K18 | BD18: =S18*K18*0.4 | BE18: =S18*K18 | BF18: =T18*K18*0.4 | BG18: =T18*K18 | BH18: =R18*K18*0.2 | BI18: =R18*K18 | BJ18: =S18*K18*0.2 | BK18: =S18*K18 | BL18: =T18*K18*0.2 | BM18: =T18*K18 | BN18: =R18*K18*0.2 | BO18: =K18*R18 | BP18: =S18*K18*0.2 | BQ18: =K18*S18 | BR18: =K18*T18*0.2 | BS18: =K18*T18 | BT18: =R18*K18*0.2 | BU18: =R18*K18 | BV18: =S18*K18*0.2 | BW18: =S18*K18 | BX18: =T18*K18*0.2 | BY18: =T18*K18 | BZ18: =R18*K18*0.34 | CA18: =R18*K18 | CB18: =S18*K18*0.34 | CC18: =S18*K18 | CD18: =T18*K18*0.34 | CE18: =T18*K18
A19: 16 | B19: Biyoçeşitliliği destekleme projeleri | C19: Ekosistem Hizmetleri: İşletme sınırları içindeki endemik bitki/hayvan türlerinin korunması (Örn: Ceylanpınar'daki ceylanlar veya gen kaynakları). | D19: =ESG_FO_Makale!$G$17 | E19: 0.03 | F19: =D19*E19 | G19: =ESG_FO_AnaBlok!$G$17 | H19: =E_AltGruplar!$G$18 | I19: =E_BiyoToprak!H18 | J19: =G19*H19*I19 | K19: =H19*I19 | L19: Ceylan ve Gen Kaynakları (Asya Ceylanı) koruma projeleri. | M19: 5 | N19: Safkan Arap atı yetiştiriciliği ve doğal mera alanlarının korunması, genetik kaynakların ve mera ekosistemlerinin sürdürülmesi bakımından olumlu uygulamalar olarak değerlendirilmiştir. | O19: 5 | P19: İşletmenin tabi mera varlığını koruması, bozkır ekosistemi ve yerel türler açısından potansiyel bir koruma katkısı sağlayabilir ancak endüstriyel çeşitlilik yüksek olmasına rağmen tür koruma bulunmamaktadır. | Q19: 3 | R19: =100*(M19-1)/4 | S19: =100*(O19-1)/4 | T19: =100*(Q19-1)/4 | U19: =R19*J19 | V19: =R19*K19 | W19: =S19*$J19 | X19: =S19*K19 | Y19: =T19*$J19 | Z19: =T19*K19 | AA19: =R19*F19 | AB19: =R19*E19 | AC19: =S19*F19 | AD19: =S19*E19 | AE19: =T19*F19 | AF19: =T19*E19 | AG19: =R19*0.25*K19 | AH19: =K19*R19 | AI19: =S19*0.25*$K19 | AJ19: =S19*K19 | AK19: =T19*0.25*$K19 | AL19: =K19*T19 | AM19: 0.25 | AN19: =R19*I19*AM19*0.25 | AO19: =R19*I19*AM19 | AP19: =S19*I19*AM19*0.25 | AQ19: =S19*I19*AM19 | AR19: =T19*I19*AM19*0.25 | AS19: =T19*I19*AM19 | AT19: =1/5 | AU19: 0.25 | AV19: =R19*AT19*AU19*0.25 | AW19: =R19*AT19*AU19 | AX19: =S19*AT19*AU19*0.25 | AY19: =S19*AT19*AU19 | AZ19: =T19*AT19*AU19*0.25 | BA19: =T19*AT19*AU19 | BB19: =R19*K19*0.4 | BC19: =R19*K19 | BD19: =S19*K19*0.4 | BE19: =S19*K19 | BF19: =T19*K19*0.4 | BG19: =T19*K19 | BH19: =R19*K19*0.2 | BI19: =R19*K19 | BJ19: =S19*K19*0.2 | BK19: =S19*K19 | BL19: =T19*K19*0.2 | BM19: =T19*K19 | BN19: =R19*K19*0.2 | BO19: =K19*R19 | BP19: =S19*K19*0.2 | BQ19: =K19*S19 | BR19: =K19*T19*0.2 | BS19: =K19*T19 | BT19: =R19*K19*0.2 | BU19: =R19*K19 | BV19: =S19*K19*0.2 | BW19: =S19*K19 | BX19: =T19*K19*0.2 | BY19: =T19*K19 | BZ19: =R19*K19*0.34 | CA19: =R19*K19 | CB19: =S19*K19*0.34 | CC19: =S19*K19 | CD19: =T19*K19*0.34 | CE19: =T19*K19
A20: 17 | B20: Toprak analizi | C20: Veri Odaklılık: Gübrelemenin analize dayalı yapılması, yeraltı sularının kirlenmesini önler ve maliyeti düşürür. Denetimin "doğrulanabilir" ayağıdır. | D20: =ESG_FO_Makale!$G$17 | E20: 0.05 | F20: =D20*E20 | G20: =ESG_FO_AnaBlok!$G$17 | H20: =E_AltGruplar!$G$18 | I20: =E_BiyoToprak!H19 | J20: =G20*H20*I20 | K20: =H20*I20 | L20: İşletmelerin toprak analizleri program dahilinde yapılmakta gübre ihtiyacı ekilen ürün çeşidine göre ayarlanmaktadır. | M20: 5 | N20: İşletmelerin toprak analizleri program dahilinde yapılmakta gübre ihtiyacı ekilen ürün çeşidine göre ayarlanmaktadır. | O20: 5 | P20: İşletmelerin toprak analizleri program dahilinde yapılmakta gübre ihtiyacı ekilen ürün çeşidine göre ayarlanmaktadır. | Q20: 5 | R20: =100*(M20-1)/4 | S20: =100*(O20-1)/4 | T20: =100*(Q20-1)/4 | U20: =R20*J20 | V20: =R20*K20 | W20: =S20*$J20 | X20: =S20*K20 | Y20: =T20*$J20 | Z20: =T20*K20 | AA20: =R20*F20 | AB20: =R20*E20 | AC20: =S20*F20 | AD20: =S20*E20 | AE20: =T20*F20 | AF20: =T20*E20 | AG20: =R20*0.25*K20 | AH20: =K20*R20 | AI20: =S20*0.25*$K20 | AJ20: =S20*K20 | AK20: =T20*0.25*$K20 | AL20: =K20*T20 | AM20: 0.25 | AN20: =R20*I20*AM20*0.25 | AO20: =R20*I20*AM20 | AP20: =S20*I20*AM20*0.25 | AQ20: =S20*I20*AM20 | AR20: =T20*I20*AM20*0.25 | AS20: =T20*I20*AM20 | AT20: =1/5 | AU20: 0.25 | AV20: =R20*AT20*AU20*0.25 | AW20: =R20*AT20*AU20 | AX20: =S20*AT20*AU20*0.25 | AY20: =S20*AT20*AU20 | AZ20: =T20*AT20*AU20*0.25 | BA20: =T20*AT20*AU20 | BB20: =R20*K20*0.4 | BC20: =R20*K20 | BD20: =S20*K20*0.4 | BE20: =S20*K20 | BF20: =T20*K20*0.4 | BG20: =T20*K20 | BH20: =R20*K20*0.2 | BI20: =R20*K20 | BJ20: =S20*K20*0.2 | BK20: =S20*K20 | BL20: =T20*K20*0.2 | BM20: =T20*K20 | BN20: =R20*K20*0.2 | BO20: =K20*R20 | BP20: =S20*K20*0.2 | BQ20: =K20*S20 | BR20: =K20*T20*0.2 | BS20: =K20*T20 | BT20: =R20*K20*0.2 | BU20: =R20*K20 | BV20: =S20*K20*0.2 | BW20: =S20*K20 | BX20: =T20*K20*0.2 | BY20: =T20*K20 | BZ20: =R20*K20*0.34 | CA20: =R20*K20 | CB20: =S20*K20*0.34 | CC20: =S20*K20 | CD20: =T20*K20*0.34 | CE20: =T20*K20
A21: 18 | B21: Münavebe | C21: Verimlilik & Sağlık: Toprağın yorulmasını engeller, hastalık zincirini kırar ve kimyasal gübre ihtiyacını azaltır. Sürdürülebilirliğin en temel operasyonel göstergesidir. | D21: =ESG_FO_Makale!$G$17 | E21: 0.06 | F21: =D21*E21 | G21: =ESG_FO_AnaBlok!$G$17 | H21: =E_AltGruplar!$G$18 | I21: =E_BiyoToprak!H20 | J21: =G21*H21*I21 | K21: =H21*I21 | L21: Münavebe yöntemi uygulanmaktadır. | M21: 5 | N21: Münavebe yöntemi uygulanmaktadır. | O21: 5 | P21: Münavebe yöntemi uygulanmaktadır. | Q21: 5 | R21: =100*(M21-1)/4 | S21: =100*(O21-1)/4 | T21: =100*(Q21-1)/4 | U21: =R21*J21 | V21: =R21*K21 | W21: =S21*$J21 | X21: =S21*K21 | Y21: =T21*$J21 | Z21: =T21*K21 | AA21: =R21*F21 | AB21: =R21*E21 | AC21: =S21*F21 | AD21: =S21*E21 | AE21: =T21*F21 | AF21: =T21*E21 | AG21: =R21*0.25*K21 | AH21: =K21*R21 | AI21: =S21*0.25*$K21 | AJ21: =S21*K21 | AK21: =T21*0.25*$K21 | AL21: =K21*T21 | AM21: 0.25 | AN21: =R21*I21*AM21*0.25 | AO21: =R21*I21*AM21 | AP21: =S21*I21*AM21*0.25 | AQ21: =S21*I21*AM21 | AR21: =T21*I21*AM21*0.25 | AS21: =T21*I21*AM21 | AT21: =1/5 | AU21: 0.25 | AV21: =R21*AT21*AU21*0.25 | AW21: =R21*AT21*AU21 | AX21: =S21*AT21*AU21*0.25 | AY21: =S21*AT21*AU21 | AZ21: =T21*AT21*AU21*0.25 | BA21: =T21*AT21*AU21 | BB21: =R21*K21*0.4 | BC21: =R21*K21 | BD21: =S21*K21*0.4 | BE21: =S21*K21 | BF21: =T21*K21*0.4 | BG21: =T21*K21 | BH21: =R21*K21*0.2 | BI21: =R21*K21 | BJ21: =S21*K21*0.2 | BK21: =S21*K21 | BL21: =T21*K21*0.2 | BM21: =T21*K21 | BN21: =R21*K21*0.2 | BO21: =K21*R21 | BP21: =S21*K21*0.2 | BQ21: =K21*S21 | BR21: =K21*T21*0.2 | BS21: =K21*T21 | BT21: =R21*K21*0.2 | BU21: =R21*K21 | BV21: =S21*K21*0.2 | BW21: =S21*K21 | BX21: =T21*K21*0.2 | BY21: =T21*K21 | BZ21: =R21*K21*0.34 | CA21: =R21*K21 | CB21: =S21*K21*0.34 | CC21: =S21*K21 | CD21: =T21*K21*0.34 | CE21: =T21*K21
A22: 19 | B22: Erozyonla mücadele | C22: Fiziksel Koruma: Özellikle rüzgar erozyonuna açık bölgelerde (Ceylanpınar vb.) üst toprak katmanının korunması, varlık yönetiminin ana şartıdır. | D22: =ESG_FO_Makale!$G$17 | E22: 0.04 | F22: =D22*E22 | G22: =ESG_FO_AnaBlok!$G$17 | H22: =E_AltGruplar!$G$18 | I22: =E_BiyoToprak!H21 | J22: =G22*H22*I22 | K22: =H22*I22 | L22: Ağaçlandırma çalışmaları yapılmaktadır. | M22: 5 | N22: Ağaçlandırma çalışmaları yapılmaktadır. | O22: 5 | P22: Ağaçlandırma çalışmaları yapılmaktadır. | Q22: 5 | R22: =100*(M22-1)/4 | S22: =100*(O22-1)/4 | T22: =100*(Q22-1)/4 | U22: =R22*J22 | V22: =R22*K22 | W22: =S22*$J22 | X22: =S22*K22 | Y22: =T22*$J22 | Z22: =T22*K22 | AA22: =R22*F22 | AB22: =R22*E22 | AC22: =S22*F22 | AD22: =S22*E22 | AE22: =T22*F22 | AF22: =T22*E22 | AG22: =R22*0.25*K22 | AH22: =K22*R22 | AI22: =S22*0.25*$K22 | AJ22: =S22*K22 | AK22: =T22*0.25*$K22 | AL22: =K22*T22 | AM22: 0.25 | AN22: =R22*I22*AM22*0.25 | AO22: =R22*I22*AM22 | AP22: =S22*I22*AM22*0.25 | AQ22: =S22*I22*AM22 | AR22: =T22*I22*AM22*0.25 | AS22: =T22*I22*AM22 | AT22: =1/5 | AU22: 0.25 | AV22: =R22*AT22*AU22*0.25 | AW22: =R22*AT22*AU22 | AX22: =S22*AT22*AU22*0.25 | AY22: =S22*AT22*AU22 | AZ22: =T22*AT22*AU22*0.25 | BA22: =T22*AT22*AU22 | BB22: =R22*K22*0.4 | BC22: =R22*K22 | BD22: =S22*K22*0.4 | BE22: =S22*K22 | BF22: =T22*K22*0.4 | BG22: =T22*K22 | BH22: =R22*K22*0.2 | BI22: =R22*K22 | BJ22: =S22*K22*0.2 | BK22: =S22*K22 | BL22: =T22*K22*0.2 | BM22: =T22*K22 | BN22: =R22*K22*0.2 | BO22: =K22*R22 | BP22: =S22*K22*0.2 | BQ22: =K22*S22 | BR22: =K22*T22*0.2 | BS22: =K22*T22 | BT22: =R22*K22*0.2 | BU22: =R22*K22 | BV22: =S22*K22*0.2 | BW22: =S22*K22 | BX22: =T22*K22*0.2 | BY22: =T22*K22 | BZ22: =R22*K22*0.34 | CA22: =R22*K22 | CB22: =S22*K22*0.34 | CC22: =S22*K22 | CD22: =T22*K22*0.34 | CE22: =T22*K22
A23: 20 | B23: Gübre Kullanımı (Organik/İnorganik) | C23: Döngüsellik: Hayvancılık atıklarının (sıvı/katı) biyogaz veya bitkisel üretimde gübre olarak geri kazanılması, TİGEM’in en büyük sürdürülebilirlik avantajıdır. | D23: =ESG_FO_Makale!$G$17 | E23: 0.03 | F23: =D23*E23 | G23: =ESG_FO_AnaBlok!$G$17 | H23: =E_AltGruplar!$G$19 | I23: =E_AtikKimya!J19 | J23: =G23*H23*I23 | K23: =H23*I23 | L23: 509.200.000TL inorganik gübre maliyeti yüksek ölçekli yapay gübre harcaması, İşletmenin ölçeğini ve kimyasal bağımlılık riskini ortaya koyarken; Biyogaz tesisi entegrasyonu bu riski yönetme çabasını işaret etmektedir. Toplam arazide(ekilebilir alan:966 bin dekar) dekar başına düşen gübre maliyeti (527,12TL/dekar) ve kimyasal yoğunluğu çevresel baskıyı artırmaktadır. | M23: 3 | N23: İnorganik gübre harcaması yaklaşık 40,3 milyon TL olarak verilmiştir. Mutlak tutarın diğer işletmelere göre düşük olması olumlu bir işaret olmakla birlikte, ekilebillir alan miktarı 49 bin dekardır (822,44 TL/dekar). | O23: 2 | P23: Gözlü’de inorganik gübre harcaması yaklaşık 48,1 milyon TL olarak iken alan miktarı 151 bin dekardır (318,54 TL/dekar) | Q23: 4 | R23: =100*(M23-1)/4 | S23: =100*(O23-1)/4 | T23: =100*(Q23-1)/4 | U23: =R23*J23 | V23: =R23*K23 | W23: =S23*$J23 | X23: =S23*K23 | Y23: =T23*$J23 | Z23: =T23*K23 | AA23: =R23*F23 | AB23: =R23*E23 | AC23: =S23*F23 | AD23: =S23*E23 | AE23: =T23*F23 | AF23: =T23*E23 | AG23: =R23*0.25*K23 | AH23: =K23*R23 | AI23: =S23*0.25*$K23 | AJ23: =S23*K23 | AK23: =T23*0.25*$K23 | AL23: =K23*T23 | AM23: 0.25 | AN23: =R23*I23*AM23*0.25 | AO23: =R23*I23*AM23 | AP23: =S23*I23*AM23*0.25 | AQ23: =S23*I23*AM23 | AR23: =T23*I23*AM23*0.25 | AS23: =T23*I23*AM23 | AT23: =1/7 | AU23: 0.25 | AV23: =R23*AT23*AU23*0.25 | AW23: =R23*AT23*AU23 | AX23: =S23*AT23*AU23*0.25 | AY23: =S23*AT23*AU23 | AZ23: =T23*AT23*AU23*0.25 | BA23: =T23*AT23*AU23 | BB23: =R23*K23*0.4 | BC23: =R23*K23 | BD23: =S23*K23*0.4 | BE23: =S23*K23 | BF23: =T23*K23*0.4 | BG23: =T23*K23 | BH23: =R23*K23*0.2 | BI23: =R23*K23 | BJ23: =S23*K23*0.2 | BK23: =S23*K23 | BL23: =T23*K23*0.2 | BM23: =T23*K23 | BN23: =R23*K23*0.2 | BO23: =K23*R23 | BP23: =S23*K23*0.2 | BQ23: =K23*S23 | BR23: =K23*T23*0.2 | BS23: =K23*T23 | BT23: =R23*K23*0.2 | BU23: =R23*K23 | BV23: =S23*K23*0.2 | BW23: =S23*K23 | BX23: =T23*K23*0.2 | BY23: =T23*K23 | BZ23: =R23*K23*0.34 | CA23: =R23*K23 | CB23: =S23*K23*0.34 | CC23: =S23*K23 | CD23: =T23*K23*0.34 | CE23: =T23*K23
A24: 21 | B24: Hayvansal gübre yönetimi | C24: Emisyon & Maliyet: Sentetik gübreler hem maliyetli hem de yüksek karbon ayak izine sahiptir. Hassas tarımla optimize edilmesi beklenir. | D24: =ESG_FO_Makale!$G$17 | E24: 0.04 | F24: =D24*E24 | G24: =ESG_FO_AnaBlok!$G$17 | H24: =E_AltGruplar!$G$19 | I24: =E_AtikKimya!J20 | J24: =G24*H24*I24 | K24: =H24*I24 | L24: Biyogaz tesisi bulunmakla birlikte tesis özel sektörce işletilmektedir. | M24: 4 | N24: Hayvansal atıkların tarımsal üretimde organik gübre olarak değerlendirilme potansiyeli bulunmaktadır. | O24: 3 | P24: Hayvansal atıkların organik gübre olarak kullanılma potansiyeli bulunmaktadır. | Q24: 3 | R24: =100*(M24-1)/4 | S24: =100*(O24-1)/4 | T24: =100*(Q24-1)/4 | U24: =R24*J24 | V24: =R24*K24 | W24: =S24*$J24 | X24: =S24*K24 | Y24: =T24*$J24 | Z24: =T24*K24 | AA24: =R24*F24 | AB24: =R24*E24 | AC24: =S24*F24 | AD24: =S24*E24 | AE24: =T24*F24 | AF24: =T24*E24 | AG24: =R24*0.25*K24 | AH24: =K24*R24 | AI24: =S24*0.25*$K24 | AJ24: =S24*K24 | AK24: =T24*0.25*$K24 | AL24: =K24*T24 | AM24: 0.25 | AN24: =R24*I24*AM24*0.25 | AO24: =R24*I24*AM24 | AP24: =S24*I24*AM24*0.25 | AQ24: =S24*I24*AM24 | AR24: =T24*I24*AM24*0.25 | AS24: =T24*I24*AM24 | AT24: =1/7 | AU24: 0.25 | AV24: =R24*AT24*AU24*0.25 | AW24: =R24*AT24*AU24 | AX24: =S24*AT24*AU24*0.25 | AY24: =S24*AT24*AU24 | AZ24: =T24*AT24*AU24*0.25 | BA24: =T24*AT24*AU24 | BB24: =R24*K24*0.4 | BC24: =R24*K24 | BD24: =S24*K24*0.4 | BE24: =S24*K24 | BF24: =T24*K24*0.4 | BG24: =T24*K24 | BH24: =R24*K24*0.2 | BI24: =R24*K24 | BJ24: =S24*K24*0.2 | BK24: =S24*K24 | BL24: =T24*K24*0.2 | BM24: =T24*K24 | BN24: =R24*K24*0.2 | BO24: =K24*R24 | BP24: =S24*K24*0.2 | BQ24: =K24*S24 | BR24: =K24*T24*0.2 | BS24: =K24*T24 | BT24: =R24*K24*0.2 | BU24: =R24*K24 | BV24: =S24*K24*0.2 | BW24: =S24*K24 | BX24: =T24*K24*0.2 | BY24: =T24*K24 | BZ24: =R24*K24*0.34 | CA24: =R24*K24 | CB24: =S24*K24*0.34 | CC24: =S24*K24 | CD24: =T24*K24*0.34 | CE24: =T24*K24
A25: 22 | B25: Kimyasal İlaç Kullanımı | C25: Çevresel Etki: Toprak ve su kirliliğinin birincil kaynağıdır. Birim alandaki kullanım miktarı denetimin en sıkı parametresidir. | D25: =ESG_FO_Makale!$G$17 | E25: 0.04 | F25: =D25*E25 | G25: =ESG_FO_AnaBlok!$G$17 | H25: =E_AltGruplar!$G$19 | I25: =E_AtikKimya!J21 | J25: =G25*H25*I25 | K25: =H25*I25 | L25: 70 Milyon TL maliyet (72,46 TL/delar) ile göreli olarak yüksek kimyasal yüke sahiptir; ancak yüksek ölçekli büyüklükte bir alanda tarım uygulamaları modernize cihazlarla(Uydu destekli uygulama ekipmanı ve teknik personel gözetimi dozaj ve uygulama kontrolü) yapılmaktadır. | M25: 3 | N25: Bitkisel üretim ilaçlama maliyeti yaklaşık 5,44 milyon TL(111,02 TL/dekar) olarak verilmiştir. İyi Tarım Uygulamaları sistemine ilişkin uygulamalar diğer işletmelere göre daha yerleşiktir. Ancak iklim koşulları nedeniyle hastalıkla mücadele gereği yüksektir. | O25: 2 | P25: Bitkisel üretim ilaçlama maliyeti yaklaşık 8,69 milyon TL (57,55TL/dekar) olarak verilmiştir. Münavebe, teknik ekipman ve uygulayıcı sertifikaları kimyasal uygulama riskini azaltabilecek kontrol unsurlarıdır. | Q25: 4 | R25: =100*(M25-1)/4 | S25: =100*(O25-1)/4 | T25: =100*(Q25-1)/4 | U25: =R25*J25 | V25: =R25*K25 | W25: =S25*$J25 | X25: =S25*K25 | Y25: =T25*$J25 | Z25: =T25*K25 | AA25: =R25*F25 | AB25: =R25*E25 | AC25: =S25*F25 | AD25: =S25*E25 | AE25: =T25*F25 | AF25: =T25*E25 | AG25: =R25*0.25*K25 | AH25: =K25*R25 | AI25: =S25*0.25*$K25 | AJ25: =S25*K25 | AK25: =T25*0.25*$K25 | AL25: =K25*T25 | AM25: 0.25 | AN25: =R25*I25*AM25*0.25 | AO25: =R25*I25*AM25 | AP25: =S25*I25*AM25*0.25 | AQ25: =S25*I25*AM25 | AR25: =T25*I25*AM25*0.25 | AS25: =T25*I25*AM25 | AT25: =1/7 | AU25: 0.25 | AV25: =R25*AT25*AU25*0.25 | AW25: =R25*AT25*AU25 | AX25: =S25*AT25*AU25*0.25 | AY25: =S25*AT25*AU25 | AZ25: =T25*AT25*AU25*0.25 | BA25: =T25*AT25*AU25 | BB25: =R25*K25*0.4 | BC25: =R25*K25 | BD25: =S25*K25*0.4 | BE25: =S25*K25 | BF25: =T25*K25*0.4 | BG25: =T25*K25 | BH25: =R25*K25*0.2 | BI25: =R25*K25 | BJ25: =S25*K25*0.2 | BK25: =S25*K25 | BL25: =T25*K25*0.2 | BM25: =T25*K25 | BN25: =R25*K25*0.2 | BO25: =K25*R25 | BP25: =S25*K25*0.2 | BQ25: =K25*S25 | BR25: =K25*T25*0.2 | BS25: =K25*T25 | BT25: =R25*K25*0.2 | BU25: =R25*K25 | BV25: =S25*K25*0.2 | BW25: =S25*K25 | BX25: =T25*K25*0.2 | BY25: =T25*K25 | BZ25: =R25*K25*0.34 | CA25: =R25*K25 | CB25: =S25*K25*0.34 | CC25: =S25*K25 | CD25: =T25*K25*0.34 | CE25: =T25*K25
A26: 23 | B26: Biyolojik mücadele | C26: İnovasyon: Kimyasala alternatif yöntemlerin (yararlı böcek vb.) varlığı, sürdürülebilirlik olgunluk seviyesini gösterir. | D26: =ESG_FO_Makale!$G$17 | E26: 0.03 | F26: =D26*E26 | G26: =ESG_FO_AnaBlok!$G$17 | H26: =E_AltGruplar!$G$19 | I26: =E_AtikKimya!J22 | J26: =G26*H26*I26 | K26: =H26*I26 | L26: Münavebe ve ağaçlandırma(süne mücadelesi için badem ağaçları) gibi alternatif mücadele yöntemleri aktif uygulanmaktadır. İTU sertifikası bulunmaktadır. | M26: 3 | N26: Münavebe ve ağaçlandırma(süne mücadelesi için badem ağaçları) gibi alternatif mücadele yöntemleri aktif uygulanmaktadır. İTU sertifikası bulunmaktadır. | O26: 3 | P26: Münavebe ve ağaçlandırma(süne mücadelesi için badem ağaçları) gibi alternatif mücadele yöntemleri aktif uygulanmaktadır. İTU sertifikası bulunmaktadır. | Q26: 3 | R26: =100*(M26-1)/4 | S26: =100*(O26-1)/4 | T26: =100*(Q26-1)/4 | U26: =R26*J26 | V26: =R26*K26 | W26: =S26*$J26 | X26: =S26*K26 | Y26: =T26*$J26 | Z26: =T26*K26 | AA26: =R26*F26 | AB26: =R26*E26 | AC26: =S26*F26 | AD26: =S26*E26 | AE26: =T26*F26 | AF26: =T26*E26 | AG26: =R26*0.25*K26 | AH26: =K26*R26 | AI26: =S26*0.25*$K26 | AJ26: =S26*K26 | AK26: =T26*0.25*$K26 | AL26: =K26*T26 | AM26: 0.25 | AN26: =R26*I26*AM26*0.25 | AO26: =R26*I26*AM26 | AP26: =S26*I26*AM26*0.25 | AQ26: =S26*I26*AM26 | AR26: =T26*I26*AM26*0.25 | AS26: =T26*I26*AM26 | AT26: =1/7 | AU26: 0.25 | AV26: =R26*AT26*AU26*0.25 | AW26: =R26*AT26*AU26 | AX26: =S26*AT26*AU26*0.25 | AY26: =S26*AT26*AU26 | AZ26: =T26*AT26*AU26*0.25 | BA26: =T26*AT26*AU26 | BB26: =R26*K26*0.4 | BC26: =R26*K26 | BD26: =S26*K26*0.4 | BE26: =S26*K26 | BF26: =T26*K26*0.4 | BG26: =T26*K26 | BH26: =R26*K26*0.2 | BI26: =R26*K26 | BJ26: =S26*K26*0.2 | BK26: =S26*K26 | BL26: =T26*K26*0.2 | BM26: =T26*K26 | BN26: =R26*K26*0.2 | BO26: =K26*R26 | BP26: =S26*K26*0.2 | BQ26: =K26*S26 | BR26: =K26*T26*0.2 | BS26: =K26*T26 | BT26: =R26*K26*0.2 | BU26: =R26*K26 | BV26: =S26*K26*0.2 | BW26: =S26*K26 | BX26: =T26*K26*0.2 | BY26: =T26*K26 | BZ26: =R26*K26*0.34 | CA26: =R26*K26 | CB26: =S26*K26*0.34 | CC26: =S26*K26 | CD26: =T26*K26*0.34 | CE26: =T26*K26
A27: 24 | B27: Tehlikeli Atık Bertarafı | C27: Yasal Uyum: Tıbbi atıklar, atık yağlar ve akülerin mevzuata (Sıfır Atık) uygun yönetilmesidir. | D27: =ESG_FO_Makale!$G$17 | E27: 0.02 | F27: =D27*E27 | G27: =ESG_FO_AnaBlok!$G$17 | H27: =E_AltGruplar!$G$19 | I27: =E_AtikKimya!J23 | J27: =G27*H27*I27 | K27: =H27*I27 | L27: Depolama alanları inşa edilmiş olsa da "tam uyum sağlanamaması" ve "kayıt eksiklikleri" nedeniyle orta seviyededir | M27: 3 | N27: Depolama alanları inşa edilmiş olsa da "tam uyum sağlanamaması" ve "kayıt eksiklikleri" nedeniyle orta seviyededir | O27: 3 | P27: Depolama alanları inşa edilmiş olsa da "tam uyum sağlanamaması" ve "kayıt eksiklikleri" nedeniyle orta seviyededir | Q27: 3 | R27: =100*(M27-1)/4 | S27: =100*(O27-1)/4 | T27: =100*(Q27-1)/4 | U27: =R27*J27 | V27: =R27*K27 | W27: =S27*$J27 | X27: =S27*K27 | Y27: =T27*$J27 | Z27: =T27*K27 | AA27: =R27*F27 | AB27: =R27*E27 | AC27: =S27*F27 | AD27: =S27*E27 | AE27: =T27*F27 | AF27: =T27*E27 | AG27: =R27*0.25*K27 | AH27: =K27*R27 | AI27: =S27*0.25*$K27 | AJ27: =S27*K27 | AK27: =T27*0.25*$K27 | AL27: =K27*T27 | AM27: 0.25 | AN27: =R27*I27*AM27*0.25 | AO27: =R27*I27*AM27 | AP27: =S27*I27*AM27*0.25 | AQ27: =S27*I27*AM27 | AR27: =T27*I27*AM27*0.25 | AS27: =T27*I27*AM27 | AT27: =1/7 | AU27: 0.25 | AV27: =R27*AT27*AU27*0.25 | AW27: =R27*AT27*AU27 | AX27: =S27*AT27*AU27*0.25 | AY27: =S27*AT27*AU27 | AZ27: =T27*AT27*AU27*0.25 | BA27: =T27*AT27*AU27 | BB27: =R27*K27*0.4 | BC27: =R27*K27 | BD27: =S27*K27*0.4 | BE27: =S27*K27 | BF27: =T27*K27*0.4 | BG27: =T27*K27 | BH27: =R27*K27*0.2 | BI27: =R27*K27 | BJ27: =S27*K27*0.2 | BK27: =S27*K27 | BL27: =T27*K27*0.2 | BM27: =T27*K27 | BN27: =R27*K27*0.2 | BO27: =K27*R27 | BP27: =S27*K27*0.2 | BQ27: =K27*S27 | BR27: =K27*T27*0.2 | BS27: =K27*T27 | BT27: =R27*K27*0.2 | BU27: =R27*K27 | BV27: =S27*K27*0.2 | BW27: =S27*K27 | BX27: =T27*K27*0.2 | BY27: =T27*K27 | BZ27: =R27*K27*0.34 | CA27: =R27*K27 | CB27: =S27*K27*0.34 | CC27: =S27*K27 | CD27: =T27*K27*0.34 | CE27: =T27*K27
A28: 25 | B28: Kimyasal Muhafaza Depoları | C28: Güvenliği & Sızıntı: İlaç ve gübrelerin sızdırmazlık ve güvenlik standartlarına göre depolanmasıdır. | D28: =ESG_FO_Makale!$G$17 | E28: 0.02 | F28: =D28*E28 | G28: =ESG_FO_AnaBlok!$G$17 | H28: =E_AltGruplar!$G$19 | I28: =E_AtikKimya!J24 | J28: =G28*H28*I28 | K28: =H28*I28 | L28: ITU kapsamında yenilenmiş,mevzuata uygun, ayrı ve fiziksel şartları tanımlanmış depo varlığı risk yönetimini güçlendirmektedir. | M28: 4 | N28: ITU kapsamında yenilenmiş,mevzuata uygun, ayrı ve fiziksel şartları tanımlanmış depo varlığı risk yönetimini güçlendirmektedir. | O28: 4 | P28: ITU kapsamında yenilenmiş,mevzuata uygun, ayrı ve fiziksel şartları tanımlanmış depo varlığı risk yönetimini güçlendirmektedir. | Q28: 4 | R28: =100*(M28-1)/4 | S28: =100*(O28-1)/4 | T28: =100*(Q28-1)/4 | U28: =R28*J28 | V28: =R28*K28 | W28: =S28*$J28 | X28: =S28*K28 | Y28: =T28*$J28 | Z28: =T28*K28 | AA28: =R28*F28 | AB28: =R28*E28 | AC28: =S28*F28 | AD28: =S28*E28 | AE28: =T28*F28 | AF28: =T28*E28 | AG28: =R28*0.25*K28 | AH28: =K28*R28 | AI28: =S28*0.25*$K28 | AJ28: =S28*K28 | AK28: =T28*0.25*$K28 | AL28: =K28*T28 | AM28: 0.25 | AN28: =R28*I28*AM28*0.25 | AO28: =R28*I28*AM28 | AP28: =S28*I28*AM28*0.25 | AQ28: =S28*I28*AM28 | AR28: =T28*I28*AM28*0.25 | AS28: =T28*I28*AM28 | AT28: =1/7 | AU28: 0.25 | AV28: =R28*AT28*AU28*0.25 | AW28: =R28*AT28*AU28 | AX28: =S28*AT28*AU28*0.25 | AY28: =S28*AT28*AU28 | AZ28: =T28*AT28*AU28*0.25 | BA28: =T28*AT28*AU28 | BB28: =R28*K28*0.4 | BC28: =R28*K28 | BD28: =S28*K28*0.4 | BE28: =S28*K28 | BF28: =T28*K28*0.4 | BG28: =T28*K28 | BH28: =R28*K28*0.2 | BI28: =R28*K28 | BJ28: =S28*K28*0.2 | BK28: =S28*K28 | BL28: =T28*K28*0.2 | BM28: =T28*K28 | BN28: =R28*K28*0.2 | BO28: =K28*R28 | BP28: =S28*K28*0.2 | BQ28: =K28*S28 | BR28: =K28*T28*0.2 | BS28: =K28*T28 | BT28: =R28*K28*0.2 | BU28: =R28*K28 | BV28: =S28*K28*0.2 | BW28: =S28*K28 | BX28: =T28*K28*0.2 | BY28: =T28*K28 | BZ28: =R28*K28*0.34 | CA28: =R28*K28 | CB28: =S28*K28*0.34 | CC28: =S28*K28 | CD28: =T28*K28*0.34 | CE28: =T28*K28
A29: 26 | B29: Ambalaj | C29: Sıfır Atık: Boş ilaç kutuları ve tohum çuvallarının geri dönüşüm sürecine dahil edilmesidir. | D29: =ESG_FO_Makale!$G$17 | E29: 0.02 | F29: =D29*E29 | G29: =ESG_FO_AnaBlok!$G$17 | H29: =E_AltGruplar!$G$19 | I29: =E_AtikKimya!J25 | J29: =G29*H29*I29 | K29: =H29*I29 | L29: Depolama alanları inşa edilmiş olsa da "tam uyum sağlanamaması" ve "kayıt eksiklikleri" nedeniyle orta seviyededir | M29: 4 | N29: Depolama alanları inşa edilmiş olsa da "tam uyum sağlanamaması" ve "kayıt eksiklikleri" nedeniyle orta seviyededir | O29: 4 | P29: Depolama alanları inşa edilmiş olsa da "tam uyum sağlanamaması" ve "kayıt eksiklikleri" nedeniyle orta seviyededir | Q29: 4 | R29: =100*(M29-1)/4 | S29: =100*(O29-1)/4 | T29: =100*(Q29-1)/4 | U29: =R29*J29 | V29: =R29*K29 | W29: =S29*$J29 | X29: =S29*K29 | Y29: =T29*$J29 | Z29: =T29*K29 | AA29: =R29*F29 | AB29: =R29*E29 | AC29: =S29*F29 | AD29: =S29*E29 | AE29: =T29*F29 | AF29: =T29*E29 | AG29: =R29*0.25*K29 | AH29: =K29*R29 | AI29: =S29*0.25*$K29 | AJ29: =S29*K29 | AK29: =T29*0.25*$K29 | AL29: =K29*T29 | AM29: 0.25 | AN29: =R29*I29*AM29*0.25 | AO29: =R29*I29*AM29 | AP29: =S29*I29*AM29*0.25 | AQ29: =S29*I29*AM29 | AR29: =T29*I29*AM29*0.25 | AS29: =T29*I29*AM29 | AT29: =1/7 | AU29: 0.25 | AV29: =R29*AT29*AU29*0.25 | AW29: =R29*AT29*AU29 | AX29: =S29*AT29*AU29*0.25 | AY29: =S29*AT29*AU29 | AZ29: =T29*AT29*AU29*0.25 | BA29: =T29*AT29*AU29 | BB29: =R29*K29*0.4 | BC29: =R29*K29 | BD29: =S29*K29*0.4 | BE29: =S29*K29 | BF29: =T29*K29*0.4 | BG29: =T29*K29 | BH29: =R29*K29*0.2 | BI29: =R29*K29 | BJ29: =S29*K29*0.2 | BK29: =S29*K29 | BL29: =T29*K29*0.2 | BM29: =T29*K29 | BN29: =R29*K29*0.2 | BO29: =K29*R29 | BP29: =S29*K29*0.2 | BQ29: =K29*S29 | BR29: =K29*T29*0.2 | BS29: =K29*T29 | BT29: =R29*K29*0.2 | BU29: =R29*K29 | BV29: =S29*K29*0.2 | BW29: =S29*K29 | BX29: =T29*K29*0.2 | BY29: =T29*K29 | BZ29: =R29*K29*0.34 | CA29: =R29*K29 | CB29: =S29*K29*0.34 | CC29: =S29*K29 | CD29: =T29*K29*0.34 | CE29: =T29*K29
A30: 27 | B30: Kadro Dağılımları | C30: Operasyonel Yapı: İşletmenin yönetimsel ve teknik kadro dengesini gösterir. | D30: =ESG_FO_Makale!$G$18 | E30: 0.035 | F30: =D30*E30 | G30: =ESG_FO_AnaBlok!$G$18 | H30: =S_AltGruplar!F$15 | I30: =S_IsgucuIst!L21 | J30: =G30*H30*I30 | K30: =H30*I30 | L30: Teknik personel oranı Ceylanpınar'da (136 kişi) operasyonel güç sağlarken, operasyonel yük işçi kadrolarındadır. | M30: 4 | N30: 3 kadrolu, 73 sözleşmeli, 57 daimi işçi ve 266 taşeron çalışandan oluşmaktadır.Operasyonel yük işçi personeldedir. | O30: 3 | P30: 3 idari; 12 teknik peronel yer alan toplam 550 kişilik kadro bulunmaktadır.Operasyonel yük işçi personeldedir. | Q30: 3 | R30: =100*(M30-1)/4 | S30: =100*(O30-1)/4 | T30: =100*(Q30-1)/4 | U30: =R30*J30 | V30: =R30*K30 | W30: =S30*$J30 | X30: =S30*K30 | Y30: =T30*$J30 | Z30: =T30*K30 | AA30: =R30*F30 | AB30: =R30*E30 | AC30: =S30*F30 | AD30: =S30*E30 | AE30: =T30*F30 | AF30: =T30*E30 | AG30: =R30*0.25*K30 | AH30: =K30*R30 | AI30: =S30*0.25*$K30 | AJ30: =S30*K30 | AK30: =T30*0.25*$K30 | AL30: =K30*T30 | AM30: =1/3 | AN30: =R30*I30*AM30*0.25 | AO30: =R30*I30*AM30 | AP30: =S30*I30*AM30*0.25 | AQ30: =S30*I30*AM30 | AR30: =T30*I30*AM30*0.25 | AS30: =T30*I30*AM30 | AT30: =1/9 | AU30: =AM30 | AV30: =R30*AT30*AU30*0.25 | AW30: =R30*AT30*AU30 | AX30: =S30*AT30*AU30*0.25 | AY30: =S30*AT30*AU30 | AZ30: =T30*AT30*AU30*0.25 | BA30: =T30*AT30*AU30 | BB30: =R30*K30*0.2 | BC30: =R30*K30 | BD30: =S30*K30*0.2 | BE30: =S30*K30 | BF30: =T30*K30*0.2 | BG30: =T30*K30 | BH30: =R30*K30*0.4 | BI30: =R30*K30 | BJ30: =S30*K30*0.4 | BK30: =S30*K30 | BL30: =T30*K30*0.4 | BM30: =T30*K30 | BN30: =R30*K30*0.2 | BO30: =K30*R30 | BP30: =S30*K30*0.2 | BQ30: =K30*S30 | BR30: =K30*T30*0.2 | BS30: =K30*T30 | BT30: =R30*K30*0.2 | BU30: =R30*K30 | BV30: =S30*K30*0.2 | BW30: =S30*K30 | BX30: =T30*K30*0.2 | BY30: =T30*K30 | BZ30: =R30*K30*0.33 | CA30: =R30*K30 | CB30: =S30*K30*0.33 | CC30: =S30*K30 | CD30: =T30*K30*0.33 | CE30: =T30*K30
A31: 28 | B31: Taşeron oranı | C31: Kurumsal Risk: Yüksek taşeron oranı, iş sürekliliği ve çalışan aidiyeti açısından risk taşır. Denetimde "güvenceli istihdam" göstergesidir. | D31: =ESG_FO_Makale!$G$18 | E31: 0.0525 | F31: =D31*E31 | G31: =ESG_FO_AnaBlok!$G$18 | H31: =S_AltGruplar!F$15 | I31: =S_IsgucuIst!L22 | J31: =G31*H31*I31 | K31: =H31*I31 | L31: Çok yüksek taşeron sayısı (İş gücü güvencesi riski yüksek).%68 gibi yüksek düzeyde bir taşeron oranıyla (2373 kişi) ciddi bir istihdam riski taşır | M31: 2 | N31: 266 taşeron çalışanın bulunduğu ve taşeron oranının yaklaşık %66 olduğu bildirilmiştir. Bu oran, özellikle mevsimsel üretim ve yoğun dönemlerde işgücü yönetimi bakımından önemli bir risk alanına işaret etmektedir | O31: 2 | P31: 399 taşeron çalışanın bulunduğu ve oranın yaklaşık %72 olduğu bildirilmiştir. Sezonluk işçilik ve hayvancılık faaliyetlerinde taşeron kullanımının bulunması, işgücü sürekliliği ve taşeron çalışanların İSG bakımından izlenmesi gereğini artırmaktadır. | Q31: 2 | R31: =100*(M31-1)/4 | S31: =100*(O31-1)/4 | T31: =100*(Q31-1)/4 | U31: =R31*J31 | V31: =R31*K31 | W31: =S31*$J31 | X31: =S31*K31 | Y31: =T31*$J31 | Z31: =T31*K31 | AA31: =R31*F31 | AB31: =R31*E31 | AC31: =S31*F31 | AD31: =S31*E31 | AE31: =T31*F31 | AF31: =T31*E31 | AG31: =R31*0.25*K31 | AH31: =K31*R31 | AI31: =S31*0.25*$K31 | AJ31: =S31*K31 | AK31: =T31*0.25*$K31 | AL31: =K31*T31 | AM31: =1/3 | AN31: =R31*I31*AM31*0.25 | AO31: =R31*I31*AM31 | AP31: =S31*I31*AM31*0.25 | AQ31: =S31*I31*AM31 | AR31: =T31*I31*AM31*0.25 | AS31: =T31*I31*AM31 | AT31: =1/9 | AU31: =AM31 | AV31: =R31*AT31*AU31*0.25 | AW31: =R31*AT31*AU31 | AX31: =S31*AT31*AU31*0.25 | AY31: =S31*AT31*AU31 | AZ31: =T31*AT31*AU31*0.25 | BA31: =T31*AT31*AU31 | BB31: =R31*K31*0.2 | BC31: =R31*K31 | BD31: =S31*K31*0.2 | BE31: =S31*K31 | BF31: =T31*K31*0.2 | BG31: =T31*K31 | BH31: =R31*K31*0.4 | BI31: =R31*K31 | BJ31: =S31*K31*0.4 | BK31: =S31*K31 | BL31: =T31*K31*0.4 | BM31: =T31*K31 | BN31: =R31*K31*0.2 | BO31: =K31*R31 | BP31: =S31*K31*0.2 | BQ31: =K31*S31 | BR31: =K31*T31*0.2 | BS31: =K31*T31 | BT31: =R31*K31*0.2 | BU31: =R31*K31 | BV31: =S31*K31*0.2 | BW31: =S31*K31 | BX31: =T31*K31*0.2 | BY31: =T31*K31 | BZ31: =R31*K31*0.33 | CA31: =R31*K31 | CB31: =S31*K31*0.33 | CC31: =S31*K31 | CD31: =T31*K31*0.33 | CE31: =T31*K31
A32: 29 | B32: Yaş Dağılımı | C32: Kuşak Devri: Personelin yaş ortalaması, kurumsal hafızanın korunması ve teknolojik adaptasyon yeteneği (gençleşme ihtiyacı) hakkında fikir verir. | D32: =ESG_FO_Makale!$G$18 | E32: 0.0175 | F32: =D32*E32 | G32: =ESG_FO_AnaBlok!$G$18 | H32: =S_AltGruplar!F$15 | I32: =S_IsgucuIst!L23 | J32: =G32*H32*I32 | K32: =H32*I32 | L32: Kadrolu personelin yaklaşık %51'i 40 yaş ve üzerindedir; bu durum deneyim açısından avantaj olsa da uzun vadede emeklilik yükü ve fiziksel iş gücü yenilenmesi riski taşır. | M32: 2 | N32: Çalışanların yaklaşık %55’inin 40 yaş altında olduğu ve yaş gruplarının dengeli dağıldığı bildirilmiştir. Bu yapı, deneyimli çalışanların kurumsal hafızaya katkısı ile genç çalışanların teknolojik uyum kapasitesini birlikte taşıyabilir | O32: 4 | P32: Personelin yaklaşık %59’unun 25–44 yaş aralığında yer alması, üretim faaliyetleri bakımından aktif yaş gruplarının ağırlıklı olduğunu göstermektedir. Bununla birlikte, 18–24 yaş grubunun yaklaşık %3,3 ile sınırlı olması genç çalışanların kuruma kazandırılması bakımından geliştirilmesi gereken bir alan bulunduğuna işaret etmektedir. | Q32: 3 | R32: =100*(M32-1)/4 | S32: =100*(O32-1)/4 | T32: =100*(Q32-1)/4 | U32: =R32*J32 | V32: =R32*K32 | W32: =S32*$J32 | X32: =S32*K32 | Y32: =T32*$J32 | Z32: =T32*K32 | AA32: =R32*F32 | AB32: =R32*E32 | AC32: =S32*F32 | AD32: =S32*E32 | AE32: =T32*F32 | AF32: =T32*E32 | AG32: =R32*0.25*K32 | AH32: =K32*R32 | AI32: =S32*0.25*$K32 | AJ32: =S32*K32 | AK32: =T32*0.25*$K32 | AL32: =K32*T32 | AM32: =1/3 | AN32: =R32*I32*AM32*0.25 | AO32: =R32*I32*AM32 | AP32: =S32*I32*AM32*0.25 | AQ32: =S32*I32*AM32 | AR32: =T32*I32*AM32*0.25 | AS32: =T32*I32*AM32 | AT32: =1/9 | AU32: =AM32 | AV32: =R32*AT32*AU32*0.25 | AW32: =R32*AT32*AU32 | AX32: =S32*AT32*AU32*0.25 | AY32: =S32*AT32*AU32 | AZ32: =T32*AT32*AU32*0.25 | BA32: =T32*AT32*AU32 | BB32: =R32*K32*0.2 | BC32: =R32*K32 | BD32: =S32*K32*0.2 | BE32: =S32*K32 | BF32: =T32*K32*0.2 | BG32: =T32*K32 | BH32: =R32*K32*0.4 | BI32: =R32*K32 | BJ32: =S32*K32*0.4 | BK32: =S32*K32 | BL32: =T32*K32*0.4 | BM32: =T32*K32 | BN32: =R32*K32*0.2 | BO32: =K32*R32 | BP32: =S32*K32*0.2 | BQ32: =K32*S32 | BR32: =K32*T32*0.2 | BS32: =K32*T32 | BT32: =R32*K32*0.2 | BU32: =R32*K32 | BV32: =S32*K32*0.2 | BW32: =S32*K32 | BX32: =T32*K32*0.2 | BY32: =T32*K32 | BZ32: =R32*K32*0.33 | CA32: =R32*K32 | CB32: =S32*K32*0.33 | CC32: =S32*K32 | CD32: =T32*K32*0.33 | CE32: =T32*K32
A33: 30 | B33: Sendikalılık | C33: Çalışan Hakları: Kamu işletmelerinde sosyal diyaloğun ve toplu iş sözleşmesi güvencesinin kanıtıdır. | D33: =ESG_FO_Makale!$G$18 | E33: 0.035 | F33: =D33*E33 | G33: =ESG_FO_AnaBlok!$G$18 | H33: =S_AltGruplar!F$15 | I33: =S_IsgucuIst!L24 | J33: =G33*H33*I33 | K33: =H33*I33 | L33: Bu bilgiye ulaşılamadı (Maaş hesaplama tabloları gereği bu bilgi kullanılmakla birlikte bu yönde istatistiki bir çalışma bulunmamaktadır) | M33: 2 | N33: Kadrolu personelin sendikalaşma oranının yaklaşık %32 olduğu bildirilmiştir. Bu oran, çalışanların belirli bir bölümünün sendikal temsil ve toplu pazarlık mekanizmalarına eriştiğini göstermektedir; | O33: 3 | P33: 151 kadrolu çalışanın 104’ünün sendikalı olduğu bildirilmiştir. Bu değer, kadrolu çalışanlar içinde yaklaşık %68,9’luk bir sendikalılık oranına karşılık gelmektedir. | Q33: 4 | R33: =100*(M33-1)/4 | S33: =100*(O33-1)/4 | T33: =100*(Q33-1)/4 | U33: =R33*J33 | V33: =R33*K33 | W33: =S33*$J33 | X33: =S33*K33 | Y33: =T33*$J33 | Z33: =T33*K33 | AA33: =R33*F33 | AB33: =R33*E33 | AC33: =S33*F33 | AD33: =S33*E33 | AE33: =T33*F33 | AF33: =T33*E33 | AG33: =R33*0.25*K33 | AH33: =K33*R33 | AI33: =S33*0.25*$K33 | AJ33: =S33*K33 | AK33: =T33*0.25*$K33 | AL33: =K33*T33 | AM33: =1/3 | AN33: =R33*I33*AM33*0.25 | AO33: =R33*I33*AM33 | AP33: =S33*I33*AM33*0.25 | AQ33: =S33*I33*AM33 | AR33: =T33*I33*AM33*0.25 | AS33: =T33*I33*AM33 | AT33: =1/9 | AU33: =AM33 | AV33: =R33*AT33*AU33*0.25 | AW33: =R33*AT33*AU33 | AX33: =S33*AT33*AU33*0.25 | AY33: =S33*AT33*AU33 | AZ33: =T33*AT33*AU33*0.25 | BA33: =T33*AT33*AU33 | BB33: =R33*K33*0.2 | BC33: =R33*K33 | BD33: =S33*K33*0.2 | BE33: =S33*K33 | BF33: =T33*K33*0.2 | BG33: =T33*K33 | BH33: =R33*K33*0.4 | BI33: =R33*K33 | BJ33: =S33*K33*0.4 | BK33: =S33*K33 | BL33: =T33*K33*0.4 | BM33: =T33*K33 | BN33: =R33*K33*0.2 | BO33: =K33*R33 | BP33: =S33*K33*0.2 | BQ33: =K33*S33 | BR33: =K33*T33*0.2 | BS33: =K33*T33 | BT33: =R33*K33*0.2 | BU33: =R33*K33 | BV33: =S33*K33*0.2 | BW33: =S33*K33 | BX33: =T33*K33*0.2 | BY33: =T33*K33 | BZ33: =R33*K33*0.33 | CA33: =R33*K33 | CB33: =S33*K33*0.33 | CC33: =S33*K33 | CD33: =T33*K33*0.33 | CE33: =T33*K33
A34: 31 | B34: Çalışma Süreleri | C34: Refah ve İSG: Personelin iş-yaşam dengesini ve yorgunluğa bağlı iş kazası riskini ölçer. | D34: =ESG_FO_Makale!$G$18 | E34: 0.035 | F34: =D34*E34 | G34: =ESG_FO_AnaBlok!$G$18 | H34: =S_AltGruplar!F$15 | I34: =S_IsgucuIst!L25 | J34: =G34*H34*I34 | K34: =H34*I34 | L34: Daha fazla devir daim hızı gözlemlendiği beyan edilmiştir; istatistiki bilgi mevcut değildir. Kurum genelinde işletmelerde çalışan teknik personel çalışma koşulları karşısında özlük haklarını yetersiz bularak diğer kurumlara geçiş arayışındadır. | M34: 3 | N34: İstifa sayıları çok düşüktür; istatistiki bilgi mevcut değildir.çalışan memnuniyeti diğer işletmelere oranla daha yüksek gözlemlenmektedir.Kurum genelinde işletmelerde çalışan teknik personel çalışma koşulları karşısında özlük haklarını yetersiz bularak diğer kurumlara geçiş arayışındadır. | O34: 4 | P34: İstifa sayıları çok düşüktür; istatistiki bilgi mevcut değildir.Kurum genelinde işletmelerde çalışan teknik personel çalışma koşulları karşısında özlük haklarını yetersiz bularak diğer kurumlara geçiş arayışındadır. | Q34: 3 | R34: =100*(M34-1)/4 | S34: =100*(O34-1)/4 | T34: =100*(Q34-1)/4 | U34: =R34*J34 | V34: =R34*K34 | W34: =S34*$J34 | X34: =S34*K34 | Y34: =T34*$J34 | Z34: =T34*K34 | AA34: =R34*F34 | AB34: =R34*E34 | AC34: =S34*F34 | AD34: =S34*E34 | AE34: =T34*F34 | AF34: =T34*E34 | AG34: =R34*0.25*K34 | AH34: =K34*R34 | AI34: =S34*0.25*$K34 | AJ34: =S34*K34 | AK34: =T34*0.25*$K34 | AL34: =K34*T34 | AM34: =1/3 | AN34: =R34*I34*AM34*0.25 | AO34: =R34*I34*AM34 | AP34: =S34*I34*AM34*0.25 | AQ34: =S34*I34*AM34 | AR34: =T34*I34*AM34*0.25 | AS34: =T34*I34*AM34 | AT34: =1/9 | AU34: =AM34 | AV34: =R34*AT34*AU34*0.25 | AW34: =R34*AT34*AU34 | AX34: =S34*AT34*AU34*0.25 | AY34: =S34*AT34*AU34 | AZ34: =T34*AT34*AU34*0.25 | BA34: =T34*AT34*AU34 | BB34: =R34*K34*0.2 | BC34: =R34*K34 | BD34: =S34*K34*0.2 | BE34: =S34*K34 | BF34: =T34*K34*0.2 | BG34: =T34*K34 | BH34: =R34*K34*0.4 | BI34: =R34*K34 | BJ34: =S34*K34*0.4 | BK34: =S34*K34 | BL34: =T34*K34*0.4 | BM34: =T34*K34 | BN34: =R34*K34*0.2 | BO34: =K34*R34 | BP34: =S34*K34*0.2 | BQ34: =K34*S34 | BR34: =K34*T34*0.2 | BS34: =K34*T34 | BT34: =R34*K34*0.2 | BU34: =R34*K34 | BV34: =S34*K34*0.2 | BW34: =S34*K34 | BX34: =T34*K34*0.2 | BY34: =T34*K34 | BZ34: =R34*K34*0.33 | CA34: =R34*K34 | CB34: =S34*K34*0.33 | CC34: =S34*K34 | CD34: =T34*K34*0.33 | CE34: =T34*K34
A35: 32 | B35: Eğitim | C35: Yetenek Yönetimi: Modern tarım tekniklerinin uygulanabilirliği personelin eğitim seviyesine bağlıdır. Nexus yönetimi için "nitelikli beyin" göstergesidir. | D35: =ESG_FO_Makale!$G$18 | E35: 0.0525 | F35: =D35*E35 | G35: =ESG_FO_AnaBlok!$G$18 | H35: =S_AltGruplar!F$15 | I35: =S_IsgucuIst!L26 | J35: =G35*H35*I35 | K35: =H35*I35 | L35: Kadrolu personelin yaklaşık %27'si (250 kişi) önlisans, lisans ve yüksek lisans mezunudur; bu oran teknik uzmanlık gerektiren büyük ölçekli operasyonlar için güçlü bir temel oluşturur. | M35: 4 | N35: Çalışanların %57'si ilkokul veya ortaokul mezunudur; bu düşük eğitim seviyesi, teknolojik dönüşüm ve karmaşık İSG süreçlerinin yönetimi açısından risk teşkil eder. | O35: 2 | P35: Lisans ve lisansüstü mezun oranı yaklaşık %28'dir; ayrıca 9 kişilik yüksek lisans kadrosuyla "akademik uzmanlık" derinliği en yüksek işletmedir. | Q35: 5 | R35: =100*(M35-1)/4 | S35: =100*(O35-1)/4 | T35: =100*(Q35-1)/4 | U35: =R35*J35 | V35: =R35*K35 | W35: =S35*$J35 | X35: =S35*K35 | Y35: =T35*$J35 | Z35: =T35*K35 | AA35: =R35*F35 | AB35: =R35*E35 | AC35: =S35*F35 | AD35: =S35*E35 | AE35: =T35*F35 | AF35: =T35*E35 | AG35: =R35*0.25*K35 | AH35: =K35*R35 | AI35: =S35*0.25*$K35 | AJ35: =S35*K35 | AK35: =T35*0.25*$K35 | AL35: =K35*T35 | AM35: =1/3 | AN35: =R35*I35*AM35*0.25 | AO35: =R35*I35*AM35 | AP35: =S35*I35*AM35*0.25 | AQ35: =S35*I35*AM35 | AR35: =T35*I35*AM35*0.25 | AS35: =T35*I35*AM35 | AT35: =1/9 | AU35: =AM35 | AV35: =R35*AT35*AU35*0.25 | AW35: =R35*AT35*AU35 | AX35: =S35*AT35*AU35*0.25 | AY35: =S35*AT35*AU35 | AZ35: =T35*AT35*AU35*0.25 | BA35: =T35*AT35*AU35 | BB35: =R35*K35*0.2 | BC35: =R35*K35 | BD35: =S35*K35*0.2 | BE35: =S35*K35 | BF35: =T35*K35*0.2 | BG35: =T35*K35 | BH35: =R35*K35*0.4 | BI35: =R35*K35 | BJ35: =S35*K35*0.4 | BK35: =S35*K35 | BL35: =T35*K35*0.4 | BM35: =T35*K35 | BN35: =R35*K35*0.2 | BO35: =K35*R35 | BP35: =S35*K35*0.2 | BQ35: =K35*S35 | BR35: =K35*T35*0.2 | BS35: =K35*T35 | BT35: =R35*K35*0.2 | BU35: =R35*K35 | BV35: =S35*K35*0.2 | BW35: =S35*K35 | BX35: =T35*K35*0.2 | BY35: =T35*K35 | BZ35: =R35*K35*0.33 | CA35: =R35*K35 | CB35: =S35*K35*0.33 | CC35: =S35*K35 | CD35: =T35*K35*0.33 | CE35: =T35*K35
A36: 33 | B36: Cinsiyet | C36: Sosyal Eşitlik: Tarımda kadın işgücünün nitelikli ve kayıtlı istihdamı, uluslararası ESG raporlamalarında en yüksek puanı getiren kalemdir. | D36: =ESG_FO_Makale!$G$18 | E36: 0.0525 | F36: =D36*E36 | G36: =ESG_FO_AnaBlok!$G$18 | H36: =S_AltGruplar!F$15 | I36: =S_IsgucuIst!L27 | J36: =G36*H36*I36 | K36: =H36*I36 | L36: 92kadın /3396erkek. Teknik ve idari kadroda kadın oranı düşük. Tüm işletmelerde kadın çalışan oranı %2-10 arasındadır; bu durum toplumsal cinsiyet eşitliği açısından zayıf bir performanstır. | M36: 2 | N36: 42 kadın çalışanın bulunduğu ve kadın çalışan oranının yaklaşık %10,5 olduğu bildirilmiştir. | O36: 2 | P36: Benzer idari/teknik iş gücü yapısı; kadın istihdamı kısıtlı. | Q36: 2 | R36: =100*(M36-1)/4 | S36: =100*(O36-1)/4 | T36: =100*(Q36-1)/4 | U36: =R36*J36 | V36: =R36*K36 | W36: =S36*$J36 | X36: =S36*K36 | Y36: =T36*$J36 | Z36: =T36*K36 | AA36: =R36*F36 | AB36: =R36*E36 | AC36: =S36*F36 | AD36: =S36*E36 | AE36: =T36*F36 | AF36: =T36*E36 | AG36: =R36*0.25*K36 | AH36: =K36*R36 | AI36: =S36*0.25*$K36 | AJ36: =S36*K36 | AK36: =T36*0.25*$K36 | AL36: =K36*T36 | AM36: =1/3 | AN36: =R36*I36*AM36*0.25 | AO36: =R36*I36*AM36 | AP36: =S36*I36*AM36*0.25 | AQ36: =S36*I36*AM36 | AR36: =T36*I36*AM36*0.25 | AS36: =T36*I36*AM36 | AT36: =1/9 | AU36: =AM36 | AV36: =R36*AT36*AU36*0.25 | AW36: =R36*AT36*AU36 | AX36: =S36*AT36*AU36*0.25 | AY36: =S36*AT36*AU36 | AZ36: =T36*AT36*AU36*0.25 | BA36: =T36*AT36*AU36 | BB36: =R36*K36*0.2 | BC36: =R36*K36 | BD36: =S36*K36*0.2 | BE36: =S36*K36 | BF36: =T36*K36*0.2 | BG36: =T36*K36 | BH36: =R36*K36*0.4 | BI36: =R36*K36 | BJ36: =S36*K36*0.4 | BK36: =S36*K36 | BL36: =T36*K36*0.4 | BM36: =T36*K36 | BN36: =R36*K36*0.2 | BO36: =K36*R36 | BP36: =S36*K36*0.2 | BQ36: =K36*S36 | BR36: =K36*T36*0.2 | BS36: =K36*T36 | BT36: =R36*K36*0.2 | BU36: =R36*K36 | BV36: =S36*K36*0.2 | BW36: =S36*K36 | BX36: =T36*K36*0.2 | BY36: =T36*K36 | BZ36: =R36*K36*0.33 | CA36: =R36*K36 | CB36: =S36*K36*0.33 | CC36: =S36*K36 | CD36: =T36*K36*0.33 | CE36: =T36*K36
A37: 34 | B37: Devir Daim Hızı | C37: Kurumsal Bağlılık: Personelin kurumdan ayrılma hızı; çalışma barışı ve personel memnuniyetinin en somut matematiksel çıktısıdır. | D37: =ESG_FO_Makale!$G$18 | E37: 0.035 | F37: =D37*E37 | G37: =ESG_FO_AnaBlok!$G$18 | H37: =S_AltGruplar!F$15 | I37: =S_IsgucuIst!L28 | J37: =G37*H37*I37 | K37: =H37*I37 | L37: Kadrolu ve sözleşmeli 922 personel içinde 115 ayrılma (40'ı istifa/tayin) mevcuttur; devir hızı diğer işletmelere göre daha yüksektir. | M37: 3 | N37: 399 personel içinde beş yıllık dönemde 10 istifa gerçekleştiği bildirilmiştir. Bu veri, söz konusu dönem ve personel grubu bakımından düşük ayrılma düzeyine işaret etmektedir. | O37: 5 | P37: 151 kadrolu personel içinde beş yıllık dönemde 1 ayrılma gerçekleştiği bildirilmiştir. Bu durum kadrolu personel bakımından düşük hareketliliğe işaret etmektedir. | Q37: 5 | R37: =100*(M37-1)/4 | S37: =100*(O37-1)/4 | T37: =100*(Q37-1)/4 | U37: =R37*J37 | V37: =R37*K37 | W37: =S37*$J37 | X37: =S37*K37 | Y37: =T37*$J37 | Z37: =T37*K37 | AA37: =R37*F37 | AB37: =R37*E37 | AC37: =S37*F37 | AD37: =S37*E37 | AE37: =T37*F37 | AF37: =T37*E37 | AG37: =R37*0.25*K37 | AH37: =K37*R37 | AI37: =S37*0.25*$K37 | AJ37: =S37*K37 | AK37: =T37*0.25*$K37 | AL37: =K37*T37 | AM37: =1/3 | AN37: =R37*I37*AM37*0.25 | AO37: =R37*I37*AM37 | AP37: =S37*I37*AM37*0.25 | AQ37: =S37*I37*AM37 | AR37: =T37*I37*AM37*0.25 | AS37: =T37*I37*AM37 | AT37: =1/9 | AU37: =AM37 | AV37: =R37*AT37*AU37*0.25 | AW37: =R37*AT37*AU37 | AX37: =S37*AT37*AU37*0.25 | AY37: =S37*AT37*AU37 | AZ37: =T37*AT37*AU37*0.25 | BA37: =T37*AT37*AU37 | BB37: =R37*K37*0.2 | BC37: =R37*K37 | BD37: =S37*K37*0.2 | BE37: =S37*K37 | BF37: =T37*K37*0.2 | BG37: =T37*K37 | BH37: =R37*K37*0.4 | BI37: =R37*K37 | BJ37: =S37*K37*0.4 | BK37: =S37*K37 | BL37: =T37*K37*0.4 | BM37: =T37*K37 | BN37: =R37*K37*0.2 | BO37: =K37*R37 | BP37: =S37*K37*0.2 | BQ37: =K37*S37 | BR37: =K37*T37*0.2 | BS37: =K37*T37 | BT37: =R37*K37*0.2 | BU37: =R37*K37 | BV37: =S37*K37*0.2 | BW37: =S37*K37 | BX37: =T37*K37*0.2 | BY37: =T37*K37 | BZ37: =R37*K37*0.33 | CA37: =R37*K37 | CB37: =S37*K37*0.33 | CC37: =S37*K37 | CD37: =T37*K37*0.33 | CE37: =T37*K37
A38: 35 | B38: Eski Hükümlü/Engelli personel | C38: Yasal & Sosyal Uyumluluk: Dezavantajlı grupların topluma kazandırılması misyonudur. TİGEM gibi kurumların yasal zorunluluğu ve etik duruşudur. | D38: =ESG_FO_Makale!$G$18 | E38: 0.035 | F38: =D38*E38 | G38: =ESG_FO_AnaBlok!$G$18 | H38: =S_AltGruplar!F$15 | I38: =S_IsgucuIst!L29 | J38: =G38*H38*I38 | K38: =H38*I38 | L38: 18 engelli 12 eski hükümlü personelle yasal ve sosyal sorumluluğunu en geniş ölçekte yerine getirmektedir. | M38: 5 | N38: 9 Engelli personel bulunmakta olup eski hükümlü personel bulunmamaktadır | O38: 4 | P38: 4 Engelli personel istihdam edilmektedir; eski hükümlü personel bulunmamaktadır. | Q38: 4 | R38: =100*(M38-1)/4 | S38: =100*(O38-1)/4 | T38: =100*(Q38-1)/4 | U38: =R38*J38 | V38: =R38*K38 | W38: =S38*$J38 | X38: =S38*K38 | Y38: =T38*$J38 | Z38: =T38*K38 | AA38: =R38*F38 | AB38: =R38*E38 | AC38: =S38*F38 | AD38: =S38*E38 | AE38: =T38*F38 | AF38: =T38*E38 | AG38: =R38*0.25*K38 | AH38: =K38*R38 | AI38: =S38*0.25*$K38 | AJ38: =S38*K38 | AK38: =T38*0.25*$K38 | AL38: =K38*T38 | AM38: =1/3 | AN38: =R38*I38*AM38*0.25 | AO38: =R38*I38*AM38 | AP38: =S38*I38*AM38*0.25 | AQ38: =S38*I38*AM38 | AR38: =T38*I38*AM38*0.25 | AS38: =T38*I38*AM38 | AT38: =1/9 | AU38: =AM38 | AV38: =R38*AT38*AU38*0.25 | AW38: =R38*AT38*AU38 | AX38: =S38*AT38*AU38*0.25 | AY38: =S38*AT38*AU38 | AZ38: =T38*AT38*AU38*0.25 | BA38: =T38*AT38*AU38 | BB38: =R38*K38*0.2 | BC38: =R38*K38 | BD38: =S38*K38*0.2 | BE38: =S38*K38 | BF38: =T38*K38*0.2 | BG38: =T38*K38 | BH38: =R38*K38*0.4 | BI38: =R38*K38 | BJ38: =S38*K38*0.4 | BK38: =S38*K38 | BL38: =T38*K38*0.4 | BM38: =T38*K38 | BN38: =R38*K38*0.2 | BO38: =K38*R38 | BP38: =S38*K38*0.2 | BQ38: =K38*S38 | BR38: =K38*T38*0.2 | BS38: =K38*T38 | BT38: =R38*K38*0.2 | BU38: =R38*K38 | BV38: =S38*K38*0.2 | BW38: =S38*K38 | BX38: =T38*K38*0.2 | BY38: =T38*K38 | BZ38: =R38*K38*0.33 | CA38: =R38*K38 | CB38: =S38*K38*0.33 | CC38: =S38*K38 | CD38: =T38*K38*0.33 | CE38: =T38*K38
A39: 36 | B39: Ortalama fazla mesai süreleri | C39: İş-Yaşam Dengesi: Hasat dönemlerinde artan mesailerin personel yorgunluğu ve hata payı üzerindeki etkisidir. | D39: =ESG_FO_Makale!$G$18 | E39: 0.02 | F39: =D39*E39 | G39: =ESG_FO_AnaBlok!$G$18 | H39: =S_AltGruplar!F$16 | I39: =S_CalismaKos!K20 | J39: =G39*H39*I39 | K39: =H39*I39 | L39: Devasa üretim; sezonluk fazla mesai kaçınılmaz; veriler net elde edilemedi | M39: 2 | N39: Yıllık 60 saat (aylık ortalama 5 saat), yasal sınırların altındadır. | O39: 3 | P39: Üç işletme arasında en düşük fazla mesai süresine sahiptir; bu durum personel verimliliği ve iş-yaşam dengesi açısından en iyi performansı gösterir. | Q39: 4 | R39: =100*(M39-1)/4 | S39: =100*(O39-1)/4 | T39: =100*(Q39-1)/4 | U39: =R39*J39 | V39: =R39*K39 | W39: =S39*$J39 | X39: =S39*K39 | Y39: =T39*$J39 | Z39: =T39*K39 | AA39: =R39*F39 | AB39: =R39*E39 | AC39: =S39*F39 | AD39: =S39*E39 | AE39: =T39*F39 | AF39: =T39*E39 | AG39: =R39*0.25*K39 | AH39: =K39*R39 | AI39: =S39*0.25*$K39 | AJ39: =S39*K39 | AK39: =T39*0.25*$K39 | AL39: =K39*T39 | AM39: =1/3 | AN39: =R39*I39*AM39*0.25 | AO39: =R39*I39*AM39 | AP39: =S39*I39*AM39*0.25 | AQ39: =S39*I39*AM39 | AR39: =T39*I39*AM39*0.25 | AS39: =T39*I39*AM39 | AT39: =1/8 | AU39: =AM39 | AV39: =R39*AT39*AU39*0.25 | AW39: =R39*AT39*AU39 | AX39: =S39*AT39*AU39*0.25 | AY39: =S39*AT39*AU39 | AZ39: =T39*AT39*AU39*0.25 | BA39: =T39*AT39*AU39 | BB39: =R39*K39*0.2 | BC39: =R39*K39 | BD39: =S39*K39*0.2 | BE39: =S39*K39 | BF39: =T39*K39*0.2 | BG39: =T39*K39 | BH39: =R39*K39*0.4 | BI39: =R39*K39 | BJ39: =S39*K39*0.4 | BK39: =S39*K39 | BL39: =T39*K39*0.4 | BM39: =T39*K39 | BN39: =R39*K39*0.2 | BO39: =K39*R39 | BP39: =S39*K39*0.2 | BQ39: =K39*S39 | BR39: =K39*T39*0.2 | BS39: =K39*T39 | BT39: =R39*K39*0.2 | BU39: =R39*K39 | BV39: =S39*K39*0.2 | BW39: =S39*K39 | BX39: =T39*K39*0.2 | BY39: =T39*K39 | BZ39: =R39*K39*0.33 | CA39: =R39*K39 | CB39: =S39*K39*0.33 | CC39: =S39*K39 | CD39: =T39*K39*0.33 | CE39: =T39*K39
A40: 37 | B40: Stajyer sayısı | C40: Sosyal Katkı: Kurumun sektörel eğitime ve genç yeteneklere sağladığı kapıdır; operasyonel riskten ziyade "toplumsal fayda" odaklıdır. | D40: =ESG_FO_Makale!$G$18 | E40: 0.02 | F40: =D40*E40 | G40: =ESG_FO_AnaBlok!$G$18 | H40: =S_AltGruplar!F$16 | I40: =S_CalismaKos!K21 | J40: =G40*H40*I40 | K40: =H40*I40 | L40: Stajyer öğrenci kabulü e-devlet sistemi üzerinden devam ettirilmektedir. Konuya dair istatistiki bilgiye ulaşılamadı. | M40: 3 | N40: Stajyer öğrenci kabulü e-devlet sistemi üzerinden devam ettirilmektedir. Konuya dair istatistiki bilgiye ulaşılamadı. | O40: 3 | P40: Stajyer öğrenci kabulü e-devlet sistemi üzerinden devam ettirilmektedir. Konuya dair istatistiki bilgiye ulaşılamadı. | Q40: 3 | R40: =100*(M40-1)/4 | S40: =100*(O40-1)/4 | T40: =100*(Q40-1)/4 | U40: =R40*J40 | V40: =R40*K40 | W40: =S40*$J40 | X40: =S40*K40 | Y40: =T40*$J40 | Z40: =T40*K40 | AA40: =R40*F40 | AB40: =R40*E40 | AC40: =S40*F40 | AD40: =S40*E40 | AE40: =T40*F40 | AF40: =T40*E40 | AG40: =R40*0.25*K40 | AH40: =K40*R40 | AI40: =S40*0.25*$K40 | AJ40: =S40*K40 | AK40: =T40*0.25*$K40 | AL40: =K40*T40 | AM40: =1/3 | AN40: =R40*I40*AM40*0.25 | AO40: =R40*I40*AM40 | AP40: =S40*I40*AM40*0.25 | AQ40: =S40*I40*AM40 | AR40: =T40*I40*AM40*0.25 | AS40: =T40*I40*AM40 | AT40: =1/8 | AU40: =AM40 | AV40: =R40*AT40*AU40*0.25 | AW40: =R40*AT40*AU40 | AX40: =S40*AT40*AU40*0.25 | AY40: =S40*AT40*AU40 | AZ40: =T40*AT40*AU40*0.25 | BA40: =T40*AT40*AU40 | BB40: =R40*K40*0.2 | BC40: =R40*K40 | BD40: =S40*K40*0.2 | BE40: =S40*K40 | BF40: =T40*K40*0.2 | BG40: =T40*K40 | BH40: =R40*K40*0.4 | BI40: =R40*K40 | BJ40: =S40*K40*0.4 | BK40: =S40*K40 | BL40: =T40*K40*0.4 | BM40: =T40*K40 | BN40: =R40*K40*0.2 | BO40: =K40*R40 | BP40: =S40*K40*0.2 | BQ40: =K40*S40 | BR40: =K40*T40*0.2 | BS40: =K40*T40 | BT40: =R40*K40*0.2 | BU40: =R40*K40 | BV40: =S40*K40*0.2 | BW40: =S40*K40 | BX40: =T40*K40*0.2 | BY40: =T40*K40 | BZ40: =R40*K40*0.33 | CA40: =R40*K40 | CB40: =S40*K40*0.33 | CC40: =S40*K40 | CD40: =T40*K40*0.33 | CE40: =T40*K40
A41: 38 | B41: Çalışanlar tarafından açılan davalar | C41: Hukuki & Etik Uyumluluk: Kurum içi çalışma barışının ve hak ihlallerinin en resmi göstergesidir. Yüksek dava sayısı yönetimsel risktir. | D41: =ESG_FO_Makale!$G$18 | E41: 0.06 | F41: =D41*E41 | G41: =ESG_FO_AnaBlok!$G$18 | H41: =S_AltGruplar!F$16 | I41: =S_CalismaKos!K22 | J41: =G41*H41*I41 | K41: =H41*I41 | L41: Dava sayıları ile ilgili işletme özelinde istatistiki kayıt bulunmamakla birlikte yapılan görüşmelerde idari davaların nadir olduğu belirtilmiştir.3488 personel içinde sadece 29 "işçilik alacağı" davası bulunduğu belirtilmiştir. | M41: 3 | N41: Karacabey’de 125 dava bulunduğu bildirilmiştir. | O41: 2 | P41: 47 İşçilik alacağı bulunmaktadır. | Q41: 3 | R41: =100*(M41-1)/4 | S41: =100*(O41-1)/4 | T41: =100*(Q41-1)/4 | U41: =R41*J41 | V41: =R41*K41 | W41: =S41*$J41 | X41: =S41*K41 | Y41: =T41*$J41 | Z41: =T41*K41 | AA41: =R41*F41 | AB41: =R41*E41 | AC41: =S41*F41 | AD41: =S41*E41 | AE41: =T41*F41 | AF41: =T41*E41 | AG41: =R41*0.25*K41 | AH41: =K41*R41 | AI41: =S41*0.25*$K41 | AJ41: =S41*K41 | AK41: =T41*0.25*$K41 | AL41: =K41*T41 | AM41: =1/3 | AN41: =R41*I41*AM41*0.25 | AO41: =R41*I41*AM41 | AP41: =S41*I41*AM41*0.25 | AQ41: =S41*I41*AM41 | AR41: =T41*I41*AM41*0.25 | AS41: =T41*I41*AM41 | AT41: =1/8 | AU41: =AM41 | AV41: =R41*AT41*AU41*0.25 | AW41: =R41*AT41*AU41 | AX41: =S41*AT41*AU41*0.25 | AY41: =S41*AT41*AU41 | AZ41: =T41*AT41*AU41*0.25 | BA41: =T41*AT41*AU41 | BB41: =R41*K41*0.2 | BC41: =R41*K41 | BD41: =S41*K41*0.2 | BE41: =S41*K41 | BF41: =T41*K41*0.2 | BG41: =T41*K41 | BH41: =R41*K41*0.4 | BI41: =R41*K41 | BJ41: =S41*K41*0.4 | BK41: =S41*K41 | BL41: =T41*K41*0.4 | BM41: =T41*K41 | BN41: =R41*K41*0.2 | BO41: =K41*R41 | BP41: =S41*K41*0.2 | BQ41: =K41*S41 | BR41: =K41*T41*0.2 | BS41: =K41*T41 | BT41: =R41*K41*0.2 | BU41: =R41*K41 | BV41: =S41*K41*0.2 | BW41: =S41*K41 | BX41: =T41*K41*0.2 | BY41: =T41*K41 | BZ41: =R41*K41*0.33 | CA41: =R41*K41 | CB41: =S41*K41*0.33 | CC41: =S41*K41 | CD41: =T41*K41*0.33 | CE41: =T41*K41
A42: 39 | B42: Memnuniyet anketleri/şikayetler | C42: Geri Bildirim: Çalışanların sesinin duyulup duyulmadığını gösteren, modern yönetim anlayışının bir parçasıdır. | D42: =ESG_FO_Makale!$G$18 | E42: 0.04 | F42: =D42*E42 | G42: =ESG_FO_AnaBlok!$G$18 | H42: =S_AltGruplar!F$16 | I42: =S_CalismaKos!K23 | J42: =G42*H42*I42 | K42: =H42*I42 | L42: İşletme bazında çalışan memnuniyeti ölçümü çalışması yapılmamakla birlikte saha gözlemlerinde personel mülakatlarında coğrafi konum haricinde olumsuz beyanda bulunulmamıştır. | M42: 3 | N42: İşletme bazında düzenli çalışan memnuniyeti anketi yapılmadığı, saha görüşmelerinde coğrafi konum dışında belirgin bir olumsuzluğun dile getirilmediği bildirilmiştir. | O42: 3 | P42: İşletme bazında düzenli çalışan memnuniyeti anketi yapılmadığı, saha görüşmelerinde coğrafi konum dışında belirgin bir olumsuzluğun dile getirilmediği bildirilmiştir. | Q42: 3 | R42: =100*(M42-1)/4 | S42: =100*(O42-1)/4 | T42: =100*(Q42-1)/4 | U42: =R42*J42 | V42: =R42*K42 | W42: =S42*$J42 | X42: =S42*K42 | Y42: =T42*$J42 | Z42: =T42*K42 | AA42: =R42*F42 | AB42: =R42*E42 | AC42: =S42*F42 | AD42: =S42*E42 | AE42: =T42*F42 | AF42: =T42*E42 | AG42: =R42*0.25*K42 | AH42: =K42*R42 | AI42: =S42*0.25*$K42 | AJ42: =S42*K42 | AK42: =T42*0.25*$K42 | AL42: =K42*T42 | AM42: =1/3 | AN42: =R42*I42*AM42*0.25 | AO42: =R42*I42*AM42 | AP42: =S42*I42*AM42*0.25 | AQ42: =S42*I42*AM42 | AR42: =T42*I42*AM42*0.25 | AS42: =T42*I42*AM42 | AT42: =1/8 | AU42: =AM42 | AV42: =R42*AT42*AU42*0.25 | AW42: =R42*AT42*AU42 | AX42: =S42*AT42*AU42*0.25 | AY42: =S42*AT42*AU42 | AZ42: =T42*AT42*AU42*0.25 | BA42: =T42*AT42*AU42 | BB42: =R42*K42*0.2 | BC42: =R42*K42 | BD42: =S42*K42*0.2 | BE42: =S42*K42 | BF42: =T42*K42*0.2 | BG42: =T42*K42 | BH42: =R42*K42*0.4 | BI42: =R42*K42 | BJ42: =S42*K42*0.4 | BK42: =S42*K42 | BL42: =T42*K42*0.4 | BM42: =T42*K42 | BN42: =R42*K42*0.2 | BO42: =K42*R42 | BP42: =S42*K42*0.2 | BQ42: =K42*S42 | BR42: =K42*T42*0.2 | BS42: =K42*T42 | BT42: =R42*K42*0.2 | BU42: =R42*K42 | BV42: =S42*K42*0.2 | BW42: =S42*K42 | BX42: =T42*K42*0.2 | BY42: =T42*K42 | BZ42: =R42*K42*0.33 | CA42: =R42*K42 | CB42: =S42*K42*0.33 | CC42: =S42*K42 | CD42: =T42*K42*0.33 | CE42: =T42*K42
A43: 40 | B43: İş kazaları | C43: Kritik Risk: Sosyal sürdürülebilirliğin en somut negatif göstergesidir. Sıfır kaza hedefi, denetimin temelidir. | D43: =ESG_FO_Makale!$G$18 | E43: 0.08 | F43: =D43*E43 | G43: =ESG_FO_AnaBlok!$G$18 | H43: =S_AltGruplar!F$16 | I43: =S_CalismaKos!K24 | J43: =G43*H43*I43 | K43: =H43*I43 | L43: Ceylanpınar: 158 iş kazasıyla yüksek riskli gruptadır. | M43: 2 | N43: 10 basit iş kazası | O43: 3 | P43: 2023 Yılı içinde iş kazası kaydı bulunmamaktadır. | Q43: 4 | R43: =100*(M43-1)/4 | S43: =100*(O43-1)/4 | T43: =100*(Q43-1)/4 | U43: =R43*J43 | V43: =R43*K43 | W43: =S43*$J43 | X43: =S43*K43 | Y43: =T43*$J43 | Z43: =T43*K43 | AA43: =R43*F43 | AB43: =R43*E43 | AC43: =S43*F43 | AD43: =S43*E43 | AE43: =T43*F43 | AF43: =T43*E43 | AG43: =R43*0.25*K43 | AH43: =K43*R43 | AI43: =S43*0.25*$K43 | AJ43: =S43*K43 | AK43: =T43*0.25*$K43 | AL43: =K43*T43 | AM43: =1/3 | AN43: =R43*I43*AM43*0.25 | AO43: =R43*I43*AM43 | AP43: =S43*I43*AM43*0.25 | AQ43: =S43*I43*AM43 | AR43: =T43*I43*AM43*0.25 | AS43: =T43*I43*AM43 | AT43: =1/8 | AU43: =AM43 | AV43: =R43*AT43*AU43*0.25 | AW43: =R43*AT43*AU43 | AX43: =S43*AT43*AU43*0.25 | AY43: =S43*AT43*AU43 | AZ43: =T43*AT43*AU43*0.25 | BA43: =T43*AT43*AU43 | BB43: =R43*K43*0.2 | BC43: =R43*K43 | BD43: =S43*K43*0.2 | BE43: =S43*K43 | BF43: =T43*K43*0.2 | BG43: =T43*K43 | BH43: =R43*K43*0.4 | BI43: =R43*K43 | BJ43: =S43*K43*0.4 | BK43: =S43*K43 | BL43: =T43*K43*0.4 | BM43: =T43*K43 | BN43: =R43*K43*0.2 | BO43: =K43*R43 | BP43: =S43*K43*0.2 | BQ43: =K43*S43 | BR43: =K43*T43*0.2 | BS43: =K43*T43 | BT43: =R43*K43*0.2 | BU43: =R43*K43 | BV43: =S43*K43*0.2 | BW43: =S43*K43 | BX43: =T43*K43*0.2 | BY43: =T43*K43 | BZ43: =R43*K43*0.33 | CA43: =R43*K43 | CB43: =S43*K43*0.33 | CC43: =S43*K43 | CD43: =T43*K43*0.33 | CE43: =T43*K43
A44: 41 | B44: Meslek Hastalıkları | C44: Uzun Vadeli Sağlık: Zirai ilaçlara ve toza maruz kalan personel için kritik takip alanıdır. TİGEM'in koruyucu sağlık başarısını gösterir. | D44: =ESG_FO_Makale!$G$18 | E44: 0.06 | F44: =D44*E44 | G44: =ESG_FO_AnaBlok!$G$18 | H44: =S_AltGruplar!F$16 | I44: =S_CalismaKos!K25 | J44: =G44*H44*I44 | K44: =H44*I44 | L44: Meslek hastalıkları ile ilgili kayıt bulunmamaktadır. Ancak İSG kuralları prosedürleri; mevcut olup personel yazılı tebliğ ettirilmiştir. | M44: 3 | N44: Meslek hastalıkları ile ilgili kayıt bulunmamaktadır. Ancak İSG kuralları prosedürleri; mevcut olup personel yazılı tebliğ ettirilmiştir. | O44: 3 | P44: Meslek hastalıkları ile ilgili kayıt bulunmamaktadır. Ancak İSG kuralları prosedürleri; mevcut olup personel yazılı tebliğ ettirilmiştir. | Q44: 3 | R44: =100*(M44-1)/4 | S44: =100*(O44-1)/4 | T44: =100*(Q44-1)/4 | U44: =R44*J44 | V44: =R44*K44 | W44: =S44*$J44 | X44: =S44*K44 | Y44: =T44*$J44 | Z44: =T44*K44 | AA44: =R44*F44 | AB44: =R44*E44 | AC44: =S44*F44 | AD44: =S44*E44 | AE44: =T44*F44 | AF44: =T44*E44 | AG44: =R44*0.25*K44 | AH44: =K44*R44 | AI44: =S44*0.25*$K44 | AJ44: =S44*K44 | AK44: =T44*0.25*$K44 | AL44: =K44*T44 | AM44: =1/3 | AN44: =R44*I44*AM44*0.25 | AO44: =R44*I44*AM44 | AP44: =S44*I44*AM44*0.25 | AQ44: =S44*I44*AM44 | AR44: =T44*I44*AM44*0.25 | AS44: =T44*I44*AM44 | AT44: =1/8 | AU44: =AM44 | AV44: =R44*AT44*AU44*0.25 | AW44: =R44*AT44*AU44 | AX44: =S44*AT44*AU44*0.25 | AY44: =S44*AT44*AU44 | AZ44: =T44*AT44*AU44*0.25 | BA44: =T44*AT44*AU44 | BB44: =R44*K44*0.2 | BC44: =R44*K44 | BD44: =S44*K44*0.2 | BE44: =S44*K44 | BF44: =T44*K44*0.2 | BG44: =T44*K44 | BH44: =R44*K44*0.4 | BI44: =R44*K44 | BJ44: =S44*K44*0.4 | BK44: =S44*K44 | BL44: =T44*K44*0.4 | BM44: =T44*K44 | BN44: =R44*K44*0.2 | BO44: =K44*R44 | BP44: =S44*K44*0.2 | BQ44: =K44*S44 | BR44: =K44*T44*0.2 | BS44: =K44*T44 | BT44: =R44*K44*0.2 | BU44: =R44*K44 | BV44: =S44*K44*0.2 | BW44: =S44*K44 | BX44: =T44*K44*0.2 | BY44: =T44*K44 | BZ44: =R44*K44*0.33 | CA44: =R44*K44 | CB44: =S44*K44*0.33 | CC44: =S44*K44 | CD44: =T44*K44*0.33 | CE44: =T44*K44
A45: 42 | B45: İSG (Eğitimler/İSG Uzmanı istihdamı) | C45: Önleyici Yaklaşım: Kişisel koruyucu donanım, risk analizleri ve eğitimler. Kazayı oluşmadan önleme kapasitesini ölçer. | D45: =ESG_FO_Makale!$G$18 | E45: 0.08 | F45: =D45*E45 | G45: =ESG_FO_AnaBlok!$G$18 | H45: =S_AltGruplar!F$16 | I45: =S_CalismaKos!K26 | J45: =G45*H45*I45 | K45: =H45*I45 | L45: İSG uzmanı istihdam edilmekte; çalışanlara talimatlar yazılı kitapçıklar halinde imza karşılığı tebliğ edilmekte; eğitimler verilmekte. | M45: 5 | N45: İSG uzmanının bulunduğu ve eğitimlerin verildiği bildirilmiştir. | O45: 4 | P45: İSG uzmanının bulunduğu ve eğitimlerin verildiği bildirilmiştir. | Q45: 4 | R45: =100*(M45-1)/4 | S45: =100*(O45-1)/4 | T45: =100*(Q45-1)/4 | U45: =R45*J45 | V45: =R45*K45 | W45: =S45*$J45 | X45: =S45*K45 | Y45: =T45*$J45 | Z45: =T45*K45 | AA45: =R45*F45 | AB45: =R45*E45 | AC45: =S45*F45 | AD45: =S45*E45 | AE45: =T45*F45 | AF45: =T45*E45 | AG45: =R45*0.25*K45 | AH45: =K45*R45 | AI45: =S45*0.25*$K45 | AJ45: =S45*K45 | AK45: =T45*0.25*$K45 | AL45: =K45*T45 | AM45: =1/3 | AN45: =R45*I45*AM45*0.25 | AO45: =R45*I45*AM45 | AP45: =S45*I45*AM45*0.25 | AQ45: =S45*I45*AM45 | AR45: =T45*I45*AM45*0.25 | AS45: =T45*I45*AM45 | AT45: =1/8 | AU45: =AM45 | AV45: =R45*AT45*AU45*0.25 | AW45: =R45*AT45*AU45 | AX45: =S45*AT45*AU45*0.25 | AY45: =S45*AT45*AU45 | AZ45: =T45*AT45*AU45*0.25 | BA45: =T45*AT45*AU45 | BB45: =R45*K45*0.2 | BC45: =R45*K45 | BD45: =S45*K45*0.2 | BE45: =S45*K45 | BF45: =T45*K45*0.2 | BG45: =T45*K45 | BH45: =R45*K45*0.4 | BI45: =R45*K45 | BJ45: =S45*K45*0.4 | BK45: =S45*K45 | BL45: =T45*K45*0.4 | BM45: =T45*K45 | BN45: =R45*K45*0.2 | BO45: =K45*R45 | BP45: =S45*K45*0.2 | BQ45: =K45*S45 | BR45: =K45*T45*0.2 | BS45: =K45*T45 | BT45: =R45*K45*0.2 | BU45: =R45*K45 | BV45: =S45*K45*0.2 | BW45: =S45*K45 | BX45: =T45*K45*0.2 | BY45: =T45*K45 | BZ45: =R45*K45*0.33 | CA45: =R45*K45 | CB45: =S45*K45*0.33 | CC45: =S45*K45 | CD45: =T45*K45*0.33 | CE45: =T45*K45
A46: 43 | B46: Sağlık Hizmetleri | C46: Refah: İşletme içinde veya yakınındaki sağlık birimleri, periyodik kontroller ve acil müdahale imkanları. | D46: =ESG_FO_Makale!$G$18 | E46: 0.04 | F46: =D46*E46 | G46: =ESG_FO_AnaBlok!$G$18 | H46: =S_AltGruplar!F$16 | I46: =S_CalismaKos!K27 | J46: =G46*H46*I46 | K46: =H46*I46 | L46: Çalışanlara sağlık hizmeti verilmekte; sigorta yapılmakta ve kurum doktoru bulunmaktadır. | M46: 5 | N46: Çalışanlara sağlık hizmeti verilmekte; sigorta yapılmakta ve kurum doktoru bulunmaktadır. | O46: 5 | P46: Çalışanlara sağlık hizmeti verilmekte; sigorta yapılmakta ve kurum doktoru bulunmaktadır. | Q46: 5 | R46: =100*(M46-1)/4 | S46: =100*(O46-1)/4 | T46: =100*(Q46-1)/4 | U46: =R46*J46 | V46: =R46*K46 | W46: =S46*$J46 | X46: =S46*K46 | Y46: =T46*$J46 | Z46: =T46*K46 | AA46: =R46*F46 | AB46: =R46*E46 | AC46: =S46*F46 | AD46: =S46*E46 | AE46: =T46*F46 | AF46: =T46*E46 | AG46: =R46*0.25*K46 | AH46: =K46*R46 | AI46: =S46*0.25*$K46 | AJ46: =S46*K46 | AK46: =T46*0.25*$K46 | AL46: =K46*T46 | AM46: =1/3 | AN46: =R46*I46*AM46*0.25 | AO46: =R46*I46*AM46 | AP46: =S46*I46*AM46*0.25 | AQ46: =S46*I46*AM46 | AR46: =T46*I46*AM46*0.25 | AS46: =T46*I46*AM46 | AT46: =1/8 | AU46: =AM46 | AV46: =R46*AT46*AU46*0.25 | AW46: =R46*AT46*AU46 | AX46: =S46*AT46*AU46*0.25 | AY46: =S46*AT46*AU46 | AZ46: =T46*AT46*AU46*0.25 | BA46: =T46*AT46*AU46 | BB46: =R46*K46*0.2 | BC46: =R46*K46 | BD46: =S46*K46*0.2 | BE46: =S46*K46 | BF46: =T46*K46*0.2 | BG46: =T46*K46 | BH46: =R46*K46*0.4 | BI46: =R46*K46 | BJ46: =S46*K46*0.4 | BK46: =S46*K46 | BL46: =T46*K46*0.4 | BM46: =T46*K46 | BN46: =R46*K46*0.2 | BO46: =K46*R46 | BP46: =S46*K46*0.2 | BQ46: =K46*S46 | BR46: =K46*T46*0.2 | BS46: =K46*T46 | BT46: =R46*K46*0.2 | BU46: =R46*K46 | BV46: =S46*K46*0.2 | BW46: =S46*K46 | BX46: =T46*K46*0.2 | BY46: =T46*K46 | BZ46: =R46*K46*0.33 | CA46: =R46*K46 | CB46: =S46*K46*0.33 | CC46: =S46*K46 | CD46: =T46*K46*0.33 | CE46: =T46*K46
A47: 44 | B47: KKD | C47: Hayati Risk: Tarımda ilaçlama, gürültü ve toz maruziyeti yüksektir. KKD kullanımı sadece bir kural değil, "Kişisel Koruma"nın en somut ve denetlenebilir fiziksel kanıtıdır. | D47: =ESG_FO_Makale!$G$18 | E47: 0.1 | F47: =D47*E47 | G47: =ESG_FO_AnaBlok!$G$18 | H47: =S_AltGruplar!F$17 | I47: =S_ToplumKor!F15 | J47: =G47*H47*I47 | K47: =H47*I47 | L47: İSG kapsamında KKD personele verilmekte ve eğitimleri verilmekte ancak kayıtlarında aksaklıklar bulunmaktadır. | M47: 4 | N47: İSG kapsamında KKD personele verilmekte ve eğitimleri verilmekte ancak kayıtlarında aksaklıklar bulunmaktadır. | O47: 4 | P47: İSG kapsamında KKD personele verilmekte ve eğitimleri verilmekte ancak kayıtlarında aksaklıklar bulunmaktadır. | Q47: 4 | R47: =100*(M47-1)/4 | S47: =100*(O47-1)/4 | T47: =100*(Q47-1)/4 | U47: =R47*J47 | V47: =R47*K47 | W47: =S47*$J47 | X47: =S47*K47 | Y47: =T47*$J47 | Z47: =T47*K47 | AA47: =R47*F47 | AB47: =R47*E47 | AC47: =S47*F47 | AD47: =S47*E47 | AE47: =T47*F47 | AF47: =T47*E47 | AG47: =R47*0.25*K47 | AH47: =K47*R47 | AI47: =S47*0.25*$K47 | AJ47: =S47*K47 | AK47: =T47*0.25*$K47 | AL47: =K47*T47 | AM47: =1/3 | AN47: =R47*I47*AM47*0.25 | AO47: =R47*I47*AM47 | AP47: =S47*I47*AM47*0.25 | AQ47: =S47*I47*AM47 | AR47: =T47*I47*AM47*0.25 | AS47: =T47*I47*AM47 | AT47: =1/3 | AU47: =AM47 | AV47: =R47*AT47*AU47*0.25 | AW47: =R47*AT47*AU47 | AX47: =S47*AT47*AU47*0.25 | AY47: =S47*AT47*AU47 | AZ47: =T47*AT47*AU47*0.25 | BA47: =T47*AT47*AU47 | BB47: =R47*K47*0.2 | BC47: =R47*K47 | BD47: =S47*K47*0.2 | BE47: =S47*K47 | BF47: =T47*K47*0.2 | BG47: =T47*K47 | BH47: =R47*K47*0.4 | BI47: =R47*K47 | BJ47: =S47*K47*0.4 | BK47: =S47*K47 | BL47: =T47*K47*0.4 | BM47: =T47*K47 | BN47: =R47*K47*0.2 | BO47: =K47*R47 | BP47: =S47*K47*0.2 | BQ47: =K47*S47 | BR47: =K47*T47*0.2 | BS47: =K47*T47 | BT47: =R47*K47*0.2 | BU47: =R47*K47 | BV47: =S47*K47*0.2 | BW47: =S47*K47 | BX47: =T47*K47*0.2 | BY47: =T47*K47 | BZ47: =R47*K47*0.33 | CA47: =R47*K47 | CB47: =S47*K47*0.33 | CC47: =S47*K47 | CD47: =T47*K47*0.33 | CE47: =T47*K47
A48: 45 | B48: Yerel Topluluklara fayda | C48: Kamu Misyonu: TİGEM'in çevre köylere sağladığı tohum desteği, eğitimler veya sosyal tesis imkanlarıdır. İşletmenin "sosyal onay" (social license) almasını sağlar. | D48: =ESG_FO_Makale!$G$18 | E48: 0.0625 | F48: =D48*E48 | G48: =ESG_FO_AnaBlok!$G$18 | H48: =S_AltGruplar!F$17 | I48: =S_ToplumKor!F16 | J48: =G48*H48*I48 | K48: =H48*I48 | L48: 3.488 kişilik devasa istihdam hacmi, bünyesindeki Ceylan koruma alanı ve sınır güvenliğine katkısı ile bölgeye önemli düzeyde sosyo-ekonomik katkı sağlamaktadır. | M48: 5 | N48: İyi Tarım Uygulamaları ve at yetiştiriciliği yoluyla bölgesel teknik bilgi ve genetik kaynak katkısı sağlandığı, ayrıca mera varlığının bulunduğu bildirilmiştir. | O48: 4 | P48: %37’lik tabi mera varlığı ile bölge hayvancılığına genetik ve alan desteği sağlamakta, düşük kaza oranıyla güvenli bir yerel çalışma ortamı sunmaktadır. | Q48: 4 | R48: =100*(M48-1)/4 | S48: =100*(O48-1)/4 | T48: =100*(Q48-1)/4 | U48: =R48*J48 | V48: =R48*K48 | W48: =S48*$J48 | X48: =S48*K48 | Y48: =T48*$J48 | Z48: =T48*K48 | AA48: =R48*F48 | AB48: =R48*E48 | AC48: =S48*F48 | AD48: =S48*E48 | AE48: =T48*F48 | AF48: =T48*E48 | AG48: =R48*0.25*K48 | AH48: =K48*R48 | AI48: =S48*0.25*$K48 | AJ48: =S48*K48 | AK48: =T48*0.25*$K48 | AL48: =K48*T48 | AM48: =1/3 | AN48: =R48*I48*AM48*0.25 | AO48: =R48*I48*AM48 | AP48: =S48*I48*AM48*0.25 | AQ48: =S48*I48*AM48 | AR48: =T48*I48*AM48*0.25 | AS48: =T48*I48*AM48 | AT48: =1/3 | AU48: =AM48 | AV48: =R48*AT48*AU48*0.25 | AW48: =R48*AT48*AU48 | AX48: =S48*AT48*AU48*0.25 | AY48: =S48*AT48*AU48 | AZ48: =T48*AT48*AU48*0.25 | BA48: =T48*AT48*AU48 | BB48: =R48*K48*0.2 | BC48: =R48*K48 | BD48: =S48*K48*0.2 | BE48: =S48*K48 | BF48: =T48*K48*0.2 | BG48: =T48*K48 | BH48: =R48*K48*0.4 | BI48: =R48*K48 | BJ48: =S48*K48*0.4 | BK48: =S48*K48 | BL48: =T48*K48*0.4 | BM48: =T48*K48 | BN48: =R48*K48*0.2 | BO48: =K48*R48 | BP48: =S48*K48*0.2 | BQ48: =K48*S48 | BR48: =K48*T48*0.2 | BS48: =K48*T48 | BT48: =R48*K48*0.2 | BU48: =R48*K48 | BV48: =S48*K48*0.2 | BW48: =S48*K48 | BX48: =T48*K48*0.2 | BY48: =T48*K48 | BZ48: =R48*K48*0.33 | CA48: =R48*K48 | CB48: =S48*K48*0.33 | CC48: =S48*K48 | CD48: =T48*K48*0.33 | CE48: =T48*K48
A49: 46 | B49: Mesleki eğitimler | C49: Yetenek ve Güvenlik: Personelin modern tarım teknikleri, İSG ve makine kullanımı konusundaki yetkinliğidir. Bilinçli çalışan, hem kendini hem de işletme varlıklarını korur. | D49: =ESG_FO_Makale!$G$18 | E49: 0.0875 | F49: =D49*E49 | G49: =ESG_FO_AnaBlok!$G$18 | H49: =S_AltGruplar!F$17 | I49: =S_ToplumKor!F17 | J49: =G49*H49*I49 | K49: =H49*I49 | L49: Kurum genelinde mesleki eğitim ihtiyacı program dahilinde belirlenmekte; danışman hocalar ile sözleşmeler imzalanarak danışmanlık alınmakta; ani gelişen eğitim ihtiyaçları da karşılanmaktadır. | M49: 4 | N49: Kurum genelinde mesleki eğitim ihtiyacı program dahilinde belirlenmekte; danışman hocalar ile sözleşmeler imzalanarak danışmanlık alınmakta; ani gelişen eğitim ihtiyaçları da karşılanmaktadır. | O49: 4 | P49: Kurum genelinde mesleki eğitim ihtiyacı program dahilinde belirlenmekte; danışman hocalar ile sözleşmeler imzalanarak danışmanlık alınmakta; ani gelişen eğitim ihtiyaçları da karşılanmaktadır. | Q49: 4 | R49: =100*(M49-1)/4 | S49: =100*(O49-1)/4 | T49: =100*(Q49-1)/4 | U49: =R49*J49 | V49: =R49*K49 | W49: =S49*$J49 | X49: =S49*K49 | Y49: =T49*$J49 | Z49: =T49*K49 | AA49: =R49*F49 | AB49: =R49*E49 | AC49: =S49*F49 | AD49: =S49*E49 | AE49: =T49*F49 | AF49: =T49*E49 | AG49: =R49*0.25*K49 | AH49: =K49*R49 | AI49: =S49*0.25*$K49 | AJ49: =S49*K49 | AK49: =T49*0.25*$K49 | AL49: =K49*T49 | AM49: =1/3 | AN49: =R49*I49*AM49*0.25 | AO49: =R49*I49*AM49 | AP49: =S49*I49*AM49*0.25 | AQ49: =S49*I49*AM49 | AR49: =T49*I49*AM49*0.25 | AS49: =T49*I49*AM49 | AT49: =1/3 | AU49: =AM49 | AV49: =R49*AT49*AU49*0.25 | AW49: =R49*AT49*AU49 | AX49: =S49*AT49*AU49*0.25 | AY49: =S49*AT49*AU49 | AZ49: =T49*AT49*AU49*0.25 | BA49: =T49*AT49*AU49 | BB49: =R49*K49*0.2 | BC49: =R49*K49 | BD49: =S49*K49*0.2 | BE49: =S49*K49 | BF49: =T49*K49*0.2 | BG49: =T49*K49 | BH49: =R49*K49*0.4 | BI49: =R49*K49 | BJ49: =S49*K49*0.4 | BK49: =S49*K49 | BL49: =T49*K49*0.4 | BM49: =T49*K49 | BN49: =R49*K49*0.2 | BO49: =K49*R49 | BP49: =S49*K49*0.2 | BQ49: =K49*S49 | BR49: =K49*T49*0.2 | BS49: =K49*T49 | BT49: =R49*K49*0.2 | BU49: =R49*K49 | BV49: =S49*K49*0.2 | BW49: =S49*K49 | BX49: =T49*K49*0.2 | BY49: =T49*K49 | BZ49: =R49*K49*0.33 | CA49: =R49*K49 | CB49: =S49*K49*0.33 | CC49: =S49*K49 | CD49: =T49*K49*0.33 | CE49: =T49*K49
A50: 47 | B50: İşletme Genel Bilgileri (kuruluş tarihçesi, coğrafi konum, büyüklük, ürün çeşidi) | C50: Bağlam: İşletmenin kapasitesini ve kapasitesini tanımlayan arka plan bilgisi. | D50: =ESG_FO_Makale!$G$19 | E50: 0.03 | F50: =D50*E50 | G50: =ESG_FO_AnaBlok!$G$19 | H50: =G_AltGruplar!$E$14 | I50: =G_UyumPolit!O24 | J50: =G50*H50*I50 | K50: =H50*I50 | L50: 1937'den bu yana devam eden kurumsal hafıza, 64 km'lik sınır hattı ile stratejik gıda güvenliği konumu ve yaklaşık 1,6 milton dekar arazi varlığı bulunmaktadır | M50: 5 | N50: 1300 yılına (Çiftlikat-ı Hümayun) dayanan tarihi "kurumsal süreklilik" puanına yukarı taşımaktadır. Marmara Bölgesi'ndeki lojistik avantajı stratejik katkı sağlamaktadır.Yaklaşık 89 bin dekar araziye sahiptir. | O50: 5 | P50: 1950'lerden beri süregelen devlet çiftliği yapısı ve Konya Havzası gibi kritik bir tarım merkezinde (Sarayönü) yer alması ile öne çıkmaktadır.Yaklaşık 288 bin dekar arazi varlığına sahiptir. | Q50: 4 | R50: =100*(M50-1)/4 | S50: =100*(O50-1)/4 | T50: =100*(Q50-1)/4 | U50: =R50*J50 | V50: =R50*K50 | W50: =S50*$J50 | X50: =S50*K50 | Y50: =T50*$J50 | Z50: =T50*K50 | AA50: =R50*F50 | AB50: =R50*E50 | AC50: =S50*F50 | AD50: =S50*E50 | AE50: =T50*F50 | AF50: =T50*E50 | AG50: =R50*0.25*K50 | AH50: =K50*R50 | AI50: =S50*0.25*$K50 | AJ50: =S50*K50 | AK50: =T50*0.25*$K50 | AL50: =K50*T50 | AM50: =1/2 | AN50: =R50*I50*AM50*0.25 | AO50: =R50*I50*AM50 | AP50: =S50*I50*AM50*0.25 | AQ50: =S50*I50*AM50 | AR50: =T50*I50*AM50*0.25 | AS50: =T50*I50*AM50 | AT50: =1/12 | AU50: =0.5 | AV50: =R50*AT50*AU50*0.25 | AW50: =R50*AT50*AU50 | AX50: =S50*AT50*AU50*0.25 | AY50: =S50*AT50*AU50 | AZ50: =T50*AT50*AU50*0.25 | BA50: =T50*AT50*AU50 | BB50: =R50*K50*0.2 | BC50: =R50*K50 | BD50: =S50*K50*0.2 | BE50: =S50*K50 | BF50: =T50*K50*0.2 | BG50: =T50*K50 | BH50: =R50*K50*0.2 | BI50: =R50*K50 | BJ50: =S50*K50*0.2 | BK50: =S50*K50 | BL50: =T50*K50*0.2 | BM50: =T50*K50 | BN50: =R50*K50*0.4 | BO50: =K50*R50 | BP50: =S50*K50*0.4 | BQ50: =K50*S50 | BR50: =K50*T50*0.4 | BS50: =K50*T50 | BT50: =R50*K50*0.2 | BU50: =R50*K50 | BV50: =S50*K50*0.2 | BW50: =S50*K50 | BX50: =T50*K50*0.2 | BY50: =T50*K50 | BZ50: =R50*K50*0.33 | CA50: =R50*K50 | CB50: =S50*K50*0.33 | CC50: =S50*K50 | CD50: =T50*K50*0.33 | CE50: =T50*K50
A51: 48 | B51: Ürün çeşitliliği | C51: Dirençlilik: Pazar ve iklim değişimlerine karşı ürün desenini yönetebilme yeteneği. | D51: =ESG_FO_Makale!$G$19 | E51: 0.042 | F51: =D51*E51 | G51: =ESG_FO_AnaBlok!$G$19 | H51: =G_AltGruplar!$E$14 | I51: =G_UyumPolit!O25 | J51: =G51*H51*I51 | K51: =H51*I51 | L51: Hububat ve baklagillerin yanı sıra sığır, koyun, keçi ve ceylan varlığı, işletmenin bitkisel ve hayvansal üretim bakımından geniş bir faaliyet portföyüne sahip olduğunu göstermektedir. Bu çeşitlilik, tek ürüne bağımlılığı azaltabilecek bir unsur olarak değerlendirilmiştir. | M51: 5 | N51: Hibrit mısır ve sebze tohumculuğu ile atçılık ve genetik kaynak faaliyetlerinin birlikte yürütülmesi, ürün ve üretim alanlarının çeşitlendirildiğini göstermektedir. | O51: 5 | P51: Patates ve hibrit ayçiçeği gibi belirli ürün grupları ile farklı koyun ırklarının bulunması, bitkisel ve hayvansal üretimde belirli bir çeşitlilik sağlamaktadır. Bununla birlikte, üretim portföyünün daha sınırlı olması nedeniyle puan 4 olarak değerlendirilmiştir. | Q51: 4 | R51: =100*(M51-1)/4 | S51: =100*(O51-1)/4 | T51: =100*(Q51-1)/4 | U51: =R51*J51 | V51: =R51*K51 | W51: =S51*$J51 | X51: =S51*K51 | Y51: =T51*$J51 | Z51: =T51*K51 | AA51: =R51*F51 | AB51: =R51*E51 | AC51: =S51*F51 | AD51: =S51*E51 | AE51: =T51*F51 | AF51: =T51*E51 | AG51: =R51*0.25*K51 | AH51: =K51*R51 | AI51: =S51*0.25*$K51 | AJ51: =S51*K51 | AK51: =T51*0.25*$K51 | AL51: =K51*T51 | AM51: =1/2 | AN51: =R51*I51*AM51*0.25 | AO51: =R51*I51*AM51 | AP51: =S51*I51*AM51*0.25 | AQ51: =S51*I51*AM51 | AR51: =T51*I51*AM51*0.25 | AS51: =T51*I51*AM51 | AT51: =1/12 | AU51: =0.5 | AV51: =R51*AT51*AU51*0.25 | AW51: =R51*AT51*AU51 | AX51: =S51*AT51*AU51*0.25 | AY51: =S51*AT51*AU51 | AZ51: =T51*AT51*AU51*0.25 | BA51: =T51*AT51*AU51 | BB51: =R51*K51*0.2 | BC51: =R51*K51 | BD51: =S51*K51*0.2 | BE51: =S51*K51 | BF51: =T51*K51*0.2 | BG51: =T51*K51 | BH51: =R51*K51*0.2 | BI51: =R51*K51 | BJ51: =S51*K51*0.2 | BK51: =S51*K51 | BL51: =T51*K51*0.2 | BM51: =T51*K51 | BN51: =R51*K51*0.4 | BO51: =K51*R51 | BP51: =S51*K51*0.4 | BQ51: =K51*S51 | BR51: =K51*T51*0.4 | BS51: =K51*T51 | BT51: =R51*K51*0.2 | BU51: =R51*K51 | BV51: =S51*K51*0.2 | BW51: =S51*K51 | BX51: =T51*K51*0.2 | BY51: =T51*K51 | BZ51: =R51*K51*0.33 | CA51: =R51*K51 | CB51: =S51*K51*0.33 | CC51: =S51*K51 | CD51: =T51*K51*0.33 | CE51: =T51*K51
A52: 49 | B52: Etik | C52: Etik değerlere bağlılık yönetimsel, toplumsal ve iş ahlakı açısından önem taşır. | D52: =ESG_FO_Makale!$G$19 | E52: 0.03 | F52: =D52*E52 | G52: =ESG_FO_AnaBlok!$G$19 | H52: =G_AltGruplar!$E$14 | I52: =G_UyumPolit!O26 | J52: =G52*H52*I52 | K52: =H52*I52 | L52: İşletme bazında etik kurallara yönelik spesifik bir çalışma bulunmamakla birlikte; 3488 personel içinde sadece 29 "işçilik alacağı" davası olması, devasa ölçeğine rağmen hukuki ihtilafların iyi yönetildiği sonucuna varılmıştır. | M52: 4 | N52: İşletme bazında etik kurallara yönelik spesifik bir çalışma bulunmamakla birlikte; 416 çalışana karşılık 125 dava (yaklaşık her 3 çalışandan 1'i davalık) bulunması, kıdem tazminatı ve yürütme durdurma gibi konularda ciddi bir yönetimsel etik sorunu veya iletişim kopukluğu olduğuşeklinde değerlendirilmiştir. | O52: 3 | P52: 47 İşçilik alacağı bulunmaktadır. İşletme bazında etik kurallara yönelik spesifik bir çalışma bulunmamakla birlikte; sıfır iş kazası ve düşük fazla mesai süreleri, işletmenin "Önce İnsan" felsefesini kağıt üzerinde değil, sahada uyguladığı yönünde değerlendirilmiştir. | Q52: 4 | R52: =100*(M52-1)/4 | S52: =100*(O52-1)/4 | T52: =100*(Q52-1)/4 | U52: =R52*J52 | V52: =R52*K52 | W52: =S52*$J52 | X52: =S52*K52 | Y52: =T52*$J52 | Z52: =T52*K52 | AA52: =R52*F52 | AB52: =R52*E52 | AC52: =S52*F52 | AD52: =S52*E52 | AE52: =T52*F52 | AF52: =T52*E52 | AG52: =R52*0.25*K52 | AH52: =K52*R52 | AI52: =S52*0.25*$K52 | AJ52: =S52*K52 | AK52: =T52*0.25*$K52 | AL52: =K52*T52 | AM52: =1/2 | AN52: =R52*I52*AM52*0.25 | AO52: =R52*I52*AM52 | AP52: =S52*I52*AM52*0.25 | AQ52: =S52*I52*AM52 | AR52: =T52*I52*AM52*0.25 | AS52: =T52*I52*AM52 | AT52: =1/12 | AU52: =0.5 | AV52: =R52*AT52*AU52*0.25 | AW52: =R52*AT52*AU52 | AX52: =S52*AT52*AU52*0.25 | AY52: =S52*AT52*AU52 | AZ52: =T52*AT52*AU52*0.25 | BA52: =T52*AT52*AU52 | BB52: =R52*K52*0.2 | BC52: =R52*K52 | BD52: =S52*K52*0.2 | BE52: =S52*K52 | BF52: =T52*K52*0.2 | BG52: =T52*K52 | BH52: =R52*K52*0.2 | BI52: =R52*K52 | BJ52: =S52*K52*0.2 | BK52: =S52*K52 | BL52: =T52*K52*0.2 | BM52: =T52*K52 | BN52: =R52*K52*0.4 | BO52: =K52*R52 | BP52: =S52*K52*0.4 | BQ52: =K52*S52 | BR52: =K52*T52*0.4 | BS52: =K52*T52 | BT52: =R52*K52*0.2 | BU52: =R52*K52 | BV52: =S52*K52*0.2 | BW52: =S52*K52 | BX52: =T52*K52*0.2 | BY52: =T52*K52 | BZ52: =R52*K52*0.33 | CA52: =R52*K52 | CB52: =S52*K52*0.33 | CC52: =S52*K52 | CD52: =T52*K52*0.33 | CE52: =T52*K52
A53: 50 | B53: Çevre ve İklim Değişikliği Strateji Belgesi | C53: Kurumsal Taahhüt: İklim krizine karşı resmi ve yazılı bir yol haritasının varlığı. | D53: =ESG_FO_Makale!$G$19 | E53: 0.03 | F53: =D53*E53 | G53: =ESG_FO_AnaBlok!$G$19 | H53: =G_AltGruplar!$E$14 | I53: =G_UyumPolit!O27 | J53: =G53*H53*I53 | K53: =H53*I53 | L53: İşletme özelinde iklim değişikliği strateji belgesi bulunmamakla birlikte; TİGEM geneli için strateji belgesinde iklim değişikliği riskler arasında tanımlanarak bunlara yönelik uygulanacak kontrol önlemleri tanımlanmıştır. | M53: 3 | N53: İşletme özelinde iklim değişikliği strateji belgesi bulunmamakla birlikte; TİGEM geneli için strateji belgesinde iklim değişikliği riskler arasında tanımlanarak bunlara yönelik uygulanacak kontrol önlemleri tanımlanmıştır. | O53: 3 | P53: İşletme özelinde iklim değişikliği strateji belgesi bulunmamakla birlikte; TİGEM geneli için strateji belgesinde iklim değişikliği riskler arasında tanımlanarak bunlara yönelik uygulanacak kontrol önlemleri tanımlanmıştır. | Q53: 3 | R53: =100*(M53-1)/4 | S53: =100*(O53-1)/4 | T53: =100*(Q53-1)/4 | U53: =R53*J53 | V53: =R53*K53 | W53: =S53*$J53 | X53: =S53*K53 | Y53: =T53*$J53 | Z53: =T53*K53 | AA53: =R53*F53 | AB53: =R53*E53 | AC53: =S53*F53 | AD53: =S53*E53 | AE53: =T53*F53 | AF53: =T53*E53 | AG53: =R53*0.25*K53 | AH53: =K53*R53 | AI53: =S53*0.25*$K53 | AJ53: =S53*K53 | AK53: =T53*0.25*$K53 | AL53: =K53*T53 | AM53: =1/2 | AN53: =R53*I53*AM53*0.25 | AO53: =R53*I53*AM53 | AP53: =S53*I53*AM53*0.25 | AQ53: =S53*I53*AM53 | AR53: =T53*I53*AM53*0.25 | AS53: =T53*I53*AM53 | AT53: =1/12 | AU53: =0.5 | AV53: =R53*AT53*AU53*0.25 | AW53: =R53*AT53*AU53 | AX53: =S53*AT53*AU53*0.25 | AY53: =S53*AT53*AU53 | AZ53: =T53*AT53*AU53*0.25 | BA53: =T53*AT53*AU53 | BB53: =R53*K53*0.2 | BC53: =R53*K53 | BD53: =S53*K53*0.2 | BE53: =S53*K53 | BF53: =T53*K53*0.2 | BG53: =T53*K53 | BH53: =R53*K53*0.2 | BI53: =R53*K53 | BJ53: =S53*K53*0.2 | BK53: =S53*K53 | BL53: =T53*K53*0.2 | BM53: =T53*K53 | BN53: =R53*K53*0.4 | BO53: =K53*R53 | BP53: =S53*K53*0.4 | BQ53: =K53*S53 | BR53: =K53*T53*0.4 | BS53: =K53*T53 | BT53: =R53*K53*0.2 | BU53: =R53*K53 | BV53: =S53*K53*0.2 | BW53: =S53*K53 | BX53: =T53*K53*0.2 | BY53: =T53*K53 | BZ53: =R53*K53*0.33 | CA53: =R53*K53 | CB53: =S53*K53*0.33 | CC53: =S53*K53 | CD53: =T53*K53*0.33 | CE53: =T53*K53
A54: 51 | B54: Çevre Mevzuatına Uyum | C54: Yasal Zorunluluk: Yasalara uyum, her türlü sürdürülebilirlik çalışmasının asgari giriş biletidir. | D54: =ESG_FO_Makale!$G$19 | E54: 0.06 | F54: =D54*E54 | G54: =ESG_FO_AnaBlok!$G$19 | H54: =G_AltGruplar!$E$14 | I54: =G_UyumPolit!O28 | J54: =G54*H54*I54 | K54: =H54*I54 | L54: Çevre mevzuatına aykırılık yönünde herhangi bir cezai yaptırım bulunmamaktadır. | M54: 3 | N54: Çevre mevzuatına aykırılık yönünde herhangi bir cezai yaptırım bulunmamaktadır. | O54: 3 | P54: Çevre mevzuatına aykırılık yönünde herhangi bir cezai yaptırım bulunmamaktadır. | Q54: 3 | R54: =100*(M54-1)/4 | S54: =100*(O54-1)/4 | T54: =100*(Q54-1)/4 | U54: =R54*J54 | V54: =R54*K54 | W54: =S54*$J54 | X54: =S54*K54 | Y54: =T54*$J54 | Z54: =T54*K54 | AA54: =R54*F54 | AB54: =R54*E54 | AC54: =S54*F54 | AD54: =S54*E54 | AE54: =T54*F54 | AF54: =T54*E54 | AG54: =R54*0.25*K54 | AH54: =K54*R54 | AI54: =S54*0.25*$K54 | AJ54: =S54*K54 | AK54: =T54*0.25*$K54 | AL54: =K54*T54 | AM54: =1/2 | AN54: =R54*I54*AM54*0.25 | AO54: =R54*I54*AM54 | AP54: =S54*I54*AM54*0.25 | AQ54: =S54*I54*AM54 | AR54: =T54*I54*AM54*0.25 | AS54: =T54*I54*AM54 | AT54: =1/12 | AU54: =0.5 | AV54: =R54*AT54*AU54*0.25 | AW54: =R54*AT54*AU54 | AX54: =S54*AT54*AU54*0.25 | AY54: =S54*AT54*AU54 | AZ54: =T54*AT54*AU54*0.25 | BA54: =T54*AT54*AU54 | BB54: =R54*K54*0.2 | BC54: =R54*K54 | BD54: =S54*K54*0.2 | BE54: =S54*K54 | BF54: =T54*K54*0.2 | BG54: =T54*K54 | BH54: =R54*K54*0.2 | BI54: =R54*K54 | BJ54: =S54*K54*0.2 | BK54: =S54*K54 | BL54: =T54*K54*0.2 | BM54: =T54*K54 | BN54: =R54*K54*0.4 | BO54: =K54*R54 | BP54: =S54*K54*0.4 | BQ54: =K54*S54 | BR54: =K54*T54*0.4 | BS54: =K54*T54 | BT54: =R54*K54*0.2 | BU54: =R54*K54 | BV54: =S54*K54*0.2 | BW54: =S54*K54 | BX54: =T54*K54*0.2 | BY54: =T54*K54 | BZ54: =R54*K54*0.33 | CA54: =R54*K54 | CB54: =S54*K54*0.33 | CC54: =S54*K54 | CD54: =T54*K54*0.33 | CE54: =T54*K54
A55: 52 | B55: İş Hukuku ve Sosyal Haklara Uyum | C55: Sosyal Adalet: Çalışan haklarının yasal güvencesi, kurumsal meşruiyetin temelidir. | D55: =ESG_FO_Makale!$G$19 | E55: 0.06 | F55: =D55*E55 | G55: =ESG_FO_AnaBlok!$G$19 | H55: =G_AltGruplar!$E$14 | I55: =G_UyumPolit!O29 | J55: =G55*H55*I55 | K55: =H55*I55 | L55: 3488 personel içinde sadece 29 "işçilik alacağı" davası olması, devasa ölçeğine rağmen hukuki ihtilafların iyi yönetildiği sonucuna varılmıştır. | M55: 4 | N55: Çoğu kıdem tazminatı veyürütmeyi durdurma konularında açılmış 125 dava bulunmaktadır. | O55: 3 | P55: 47 İşçilik alacağı bulunmaktadır. | Q55: 4 | R55: =100*(M55-1)/4 | S55: =100*(O55-1)/4 | T55: =100*(Q55-1)/4 | U55: =R55*J55 | V55: =R55*K55 | W55: =S55*$J55 | X55: =S55*K55 | Y55: =T55*$J55 | Z55: =T55*K55 | AA55: =R55*F55 | AB55: =R55*E55 | AC55: =S55*F55 | AD55: =S55*E55 | AE55: =T55*F55 | AF55: =T55*E55 | AG55: =R55*0.25*K55 | AH55: =K55*R55 | AI55: =S55*0.25*$K55 | AJ55: =S55*K55 | AK55: =T55*0.25*$K55 | AL55: =K55*T55 | AM55: =1/2 | AN55: =R55*I55*AM55*0.25 | AO55: =R55*I55*AM55 | AP55: =S55*I55*AM55*0.25 | AQ55: =S55*I55*AM55 | AR55: =T55*I55*AM55*0.25 | AS55: =T55*I55*AM55 | AT55: =1/12 | AU55: =0.5 | AV55: =R55*AT55*AU55*0.25 | AW55: =R55*AT55*AU55 | AX55: =S55*AT55*AU55*0.25 | AY55: =S55*AT55*AU55 | AZ55: =T55*AT55*AU55*0.25 | BA55: =T55*AT55*AU55 | BB55: =R55*K55*0.2 | BC55: =R55*K55 | BD55: =S55*K55*0.2 | BE55: =S55*K55 | BF55: =T55*K55*0.2 | BG55: =T55*K55 | BH55: =R55*K55*0.2 | BI55: =R55*K55 | BJ55: =S55*K55*0.2 | BK55: =S55*K55 | BL55: =T55*K55*0.2 | BM55: =T55*K55 | BN55: =R55*K55*0.4 | BO55: =K55*R55 | BP55: =S55*K55*0.4 | BQ55: =K55*S55 | BR55: =K55*T55*0.4 | BS55: =K55*T55 | BT55: =R55*K55*0.2 | BU55: =R55*K55 | BV55: =S55*K55*0.2 | BW55: =S55*K55 | BX55: =T55*K55*0.2 | BY55: =T55*K55 | BZ55: =R55*K55*0.33 | CA55: =R55*K55 | CB55: =S55*K55*0.33 | CC55: =S55*K55 | CD55: =T55*K55*0.33 | CE55: =T55*K55
A56: 53 | B56: İç Kontrol Sisteminin Etkinliği | C56: Hata Önleme: Yolsuzluk veya kaynak israfını engelleyen mekanizmaların gücü. | D56: =ESG_FO_Makale!$G$19 | E56: 0.06 | F56: =D56*E56 | G56: =ESG_FO_AnaBlok!$G$19 | H56: =G_AltGruplar!$E$14 | I56: =G_UyumPolit!O30 | J56: =G56*H56*I56 | K56: =H56*I56 | L56: İç Kontrol Sistemi Kurum genelinde kurulmuş olup, pratikte uygulama eksiklikleri bulunmaktadır. | M56: 3 | N56: İç Kontrol Sistemi Kurum genelinde kurulmuş olup, pratikte uygulama eksiklikleri bulunmaktadır. | O56: 3 | P56: İç Kontrol Sistemi Kurum genelinde kurulmuş olup, pratikte uygulama eksiklikleri bulunmaktadır. | Q56: 3 | R56: =100*(M56-1)/4 | S56: =100*(O56-1)/4 | T56: =100*(Q56-1)/4 | U56: =R56*J56 | V56: =R56*K56 | W56: =S56*$J56 | X56: =S56*K56 | Y56: =T56*$J56 | Z56: =T56*K56 | AA56: =R56*F56 | AB56: =R56*E56 | AC56: =S56*F56 | AD56: =S56*E56 | AE56: =T56*F56 | AF56: =T56*E56 | AG56: =R56*0.25*K56 | AH56: =K56*R56 | AI56: =S56*0.25*$K56 | AJ56: =S56*K56 | AK56: =T56*0.25*$K56 | AL56: =K56*T56 | AM56: =1/2 | AN56: =R56*I56*AM56*0.25 | AO56: =R56*I56*AM56 | AP56: =S56*I56*AM56*0.25 | AQ56: =S56*I56*AM56 | AR56: =T56*I56*AM56*0.25 | AS56: =T56*I56*AM56 | AT56: =1/12 | AU56: =0.5 | AV56: =R56*AT56*AU56*0.25 | AW56: =R56*AT56*AU56 | AX56: =S56*AT56*AU56*0.25 | AY56: =S56*AT56*AU56 | AZ56: =T56*AT56*AU56*0.25 | BA56: =T56*AT56*AU56 | BB56: =R56*K56*0.2 | BC56: =R56*K56 | BD56: =S56*K56*0.2 | BE56: =S56*K56 | BF56: =T56*K56*0.2 | BG56: =T56*K56 | BH56: =R56*K56*0.2 | BI56: =R56*K56 | BJ56: =S56*K56*0.2 | BK56: =S56*K56 | BL56: =T56*K56*0.2 | BM56: =T56*K56 | BN56: =R56*K56*0.4 | BO56: =K56*R56 | BP56: =S56*K56*0.4 | BQ56: =K56*S56 | BR56: =K56*T56*0.4 | BS56: =K56*T56 | BT56: =R56*K56*0.2 | BU56: =R56*K56 | BV56: =S56*K56*0.2 | BW56: =S56*K56 | BX56: =T56*K56*0.2 | BY56: =T56*K56 | BZ56: =R56*K56*0.33 | CA56: =R56*K56 | CB56: =S56*K56*0.33 | CC56: =S56*K56 | CD56: =T56*K56*0.33 | CE56: =T56*K56
A57: 54 | B57: Stratejik Hedeflerde sürdürülebilirlik kriterleri | C57: Vizyon: Sürdürülebilirliğin sadece "kağıt üstünde" mi yoksa kurumun ana hedefleri arasında mı olduğunu ölçer. | D57: =ESG_FO_Makale!$G$19 | E57: 0.06 | F57: =D57*E57 | G57: =ESG_FO_AnaBlok!$G$19 | H57: =G_AltGruplar!$E$14 | I57: =G_UyumPolit!O31 | J57: =G57*H57*I57 | K57: =H57*I57 | L57: Kurum Stratejik Planında spesifik sürdürülebilirlik hedefleri yer almamaktadır. | M57: 1 | N57: Kurum Stratejik Planında spesifik sürdürülebilirlik hedefleri yer almamaktadır. | O57: 1 | P57: Kurum Stratejik Planında spesifik sürdürülebilirlik hedefleri yer almamaktadır. | Q57: 1 | R57: =100*(M57-1)/4 | S57: =100*(O57-1)/4 | T57: =100*(Q57-1)/4 | U57: =R57*J57 | V57: =R57*K57 | W57: =S57*$J57 | X57: =S57*K57 | Y57: =T57*$J57 | Z57: =T57*K57 | AA57: =R57*F57 | AB57: =R57*E57 | AC57: =S57*F57 | AD57: =S57*E57 | AE57: =T57*F57 | AF57: =T57*E57 | AG57: =R57*0.25*K57 | AH57: =K57*R57 | AI57: =S57*0.25*$K57 | AJ57: =S57*K57 | AK57: =T57*0.25*$K57 | AL57: =K57*T57 | AM57: =1/2 | AN57: =R57*I57*AM57*0.25 | AO57: =R57*I57*AM57 | AP57: =S57*I57*AM57*0.25 | AQ57: =S57*I57*AM57 | AR57: =T57*I57*AM57*0.25 | AS57: =T57*I57*AM57 | AT57: =1/12 | AU57: =0.5 | AV57: =R57*AT57*AU57*0.25 | AW57: =R57*AT57*AU57 | AX57: =S57*AT57*AU57*0.25 | AY57: =S57*AT57*AU57 | AZ57: =T57*AT57*AU57*0.25 | BA57: =T57*AT57*AU57 | BB57: =R57*K57*0.2 | BC57: =R57*K57 | BD57: =S57*K57*0.2 | BE57: =S57*K57 | BF57: =T57*K57*0.2 | BG57: =T57*K57 | BH57: =R57*K57*0.2 | BI57: =R57*K57 | BJ57: =S57*K57*0.2 | BK57: =S57*K57 | BL57: =T57*K57*0.2 | BM57: =T57*K57 | BN57: =R57*K57*0.4 | BO57: =K57*R57 | BP57: =S57*K57*0.4 | BQ57: =K57*S57 | BR57: =K57*T57*0.4 | BS57: =K57*T57 | BT57: =R57*K57*0.2 | BU57: =R57*K57 | BV57: =S57*K57*0.2 | BW57: =S57*K57 | BX57: =T57*K57*0.2 | BY57: =T57*K57 | BZ57: =R57*K57*0.33 | CA57: =R57*K57 | CB57: =S57*K57*0.33 | CC57: =S57*K57 | CD57: =T57*K57*0.33 | CE57: =T57*K57
A58: 55 | B58: Şeffaflık (Raporlama) | C58: Hesap Verilebilirlik: Verilerin (Örn: Gözlü'deki IPCC katsayıları) dış paydaşlara ne kadar açık sunulduğu. | D58: =ESG_FO_Makale!$G$19 | E58: 0.06 | F58: =D58*E58 | G58: =ESG_FO_AnaBlok!$G$19 | H58: =G_AltGruplar!$E$14 | I58: =G_UyumPolit!O32 | J58: =G58*H58*I58 | K58: =H58*I58 | L58: Kurum genelinde gerçekleştirilen faaliyetler sektör raporları ve faaliyet raporları halinde her yıl yayınlanmaktadır. Ayrıca İç ve Dış Denetim Faaliyetleri yürütülmektedir. | M58: 5 | N58: Kurum genelinde gerçekleştirilen faaliyetler sektör raporları ve faaliyet raporları halinde her yıl yayınlanmaktadır. Ayrıca İç ve Dış Denetim Faaliyetleri yürütülmektedir. | O58: 5 | P58: Kurum genelinde gerçekleştirilen faaliyetler sektör raporları ve faaliyet raporları halinde her yıl yayınlanmaktadır. Ayrıca İç ve Dış Denetim Faaliyetleri yürütülmektedir. | Q58: 5 | R58: =100*(M58-1)/4 | S58: =100*(O58-1)/4 | T58: =100*(Q58-1)/4 | U58: =R58*J58 | V58: =R58*K58 | W58: =S58*$J58 | X58: =S58*K58 | Y58: =T58*$J58 | Z58: =T58*K58 | AA58: =R58*F58 | AB58: =R58*E58 | AC58: =S58*F58 | AD58: =S58*E58 | AE58: =T58*F58 | AF58: =T58*E58 | AG58: =R58*0.25*K58 | AH58: =K58*R58 | AI58: =S58*0.25*$K58 | AJ58: =S58*K58 | AK58: =T58*0.25*$K58 | AL58: =K58*T58 | AM58: =1/2 | AN58: =R58*I58*AM58*0.25 | AO58: =R58*I58*AM58 | AP58: =S58*I58*AM58*0.25 | AQ58: =S58*I58*AM58 | AR58: =T58*I58*AM58*0.25 | AS58: =T58*I58*AM58 | AT58: =1/12 | AU58: =0.5 | AV58: =R58*AT58*AU58*0.25 | AW58: =R58*AT58*AU58 | AX58: =S58*AT58*AU58*0.25 | AY58: =S58*AT58*AU58 | AZ58: =T58*AT58*AU58*0.25 | BA58: =T58*AT58*AU58 | BB58: =R58*K58*0.2 | BC58: =R58*K58 | BD58: =S58*K58*0.2 | BE58: =S58*K58 | BF58: =T58*K58*0.2 | BG58: =T58*K58 | BH58: =R58*K58*0.2 | BI58: =R58*K58 | BJ58: =S58*K58*0.2 | BK58: =S58*K58 | BL58: =T58*K58*0.2 | BM58: =T58*K58 | BN58: =R58*K58*0.4 | BO58: =K58*R58 | BP58: =S58*K58*0.4 | BQ58: =K58*S58 | BR58: =K58*T58*0.4 | BS58: =K58*T58 | BT58: =R58*K58*0.2 | BU58: =R58*K58 | BV58: =S58*K58*0.2 | BW58: =S58*K58 | BX58: =T58*K58*0.2 | BY58: =T58*K58 | BZ58: =R58*K58*0.33 | CA58: =R58*K58 | CB58: =S58*K58*0.33 | CC58: =S58*K58 | CD58: =T58*K58*0.33 | CE58: =T58*K58
A59: 56 | B59: Denetlenebilirlik | C59: Doğrulanabilirlik: Kanıtların (fatura, sayaç, rapor) denetime ne kadar hazır ve düzenli olduğu. | D59: =ESG_FO_Makale!$G$19 | E59: 0.03 | F59: =D59*E59 | G59: =ESG_FO_AnaBlok!$G$19 | H59: =G_AltGruplar!$E$14 | I59: =G_UyumPolit!O33 | J59: =G59*H59*I59 | K59: =H59*I59 | L59: Kurum genelinde gerçekleştirilen faaliyetler sektör raporları ve faaliyet raporları halinde her yıl yayınlanmaktadır. Ayrıca İç ve Dış Denetim Faaliyetleri yürütülmektedir. | M59: 5 | N59: Kurum genelinde gerçekleştirilen faaliyetler sektör raporları ve faaliyet raporları halinde her yıl yayınlanmaktadır. Ayrıca İç ve Dış Denetim Faaliyetleri yürütülmektedir. | O59: 5 | P59: Kurum genelinde gerçekleştirilen faaliyetler sektör raporları ve faaliyet raporları halinde her yıl yayınlanmaktadır. Ayrıca İç ve Dış Denetim Faaliyetleri yürütülmektedir. | Q59: 5 | R59: =100*(M59-1)/4 | S59: =100*(O59-1)/4 | T59: =100*(Q59-1)/4 | U59: =R59*J59 | V59: =R59*K59 | W59: =S59*$J59 | X59: =S59*K59 | Y59: =T59*$J59 | Z59: =T59*K59 | AA59: =R59*F59 | AB59: =R59*E59 | AC59: =S59*F59 | AD59: =S59*E59 | AE59: =T59*F59 | AF59: =T59*E59 | AG59: =R59*0.25*K59 | AH59: =K59*R59 | AI59: =S59*0.25*$K59 | AJ59: =S59*K59 | AK59: =T59*0.25*$K59 | AL59: =K59*T59 | AM59: =1/2 | AN59: =R59*I59*AM59*0.25 | AO59: =R59*I59*AM59 | AP59: =S59*I59*AM59*0.25 | AQ59: =S59*I59*AM59 | AR59: =T59*I59*AM59*0.25 | AS59: =T59*I59*AM59 | AT59: =1/12 | AU59: =0.5 | AV59: =R59*AT59*AU59*0.25 | AW59: =R59*AT59*AU59 | AX59: =S59*AT59*AU59*0.25 | AY59: =S59*AT59*AU59 | AZ59: =T59*AT59*AU59*0.25 | BA59: =T59*AT59*AU59 | BB59: =R59*K59*0.2 | BC59: =R59*K59 | BD59: =S59*K59*0.2 | BE59: =S59*K59 | BF59: =T59*K59*0.2 | BG59: =T59*K59 | BH59: =R59*K59*0.2 | BI59: =R59*K59 | BJ59: =S59*K59*0.2 | BK59: =S59*K59 | BL59: =T59*K59*0.2 | BM59: =T59*K59 | BN59: =R59*K59*0.4 | BO59: =K59*R59 | BP59: =S59*K59*0.4 | BQ59: =K59*S59 | BR59: =K59*T59*0.4 | BS59: =K59*T59 | BT59: =R59*K59*0.2 | BU59: =R59*K59 | BV59: =S59*K59*0.2 | BW59: =S59*K59 | BX59: =T59*K59*0.2 | BY59: =T59*K59 | BZ59: =R59*K59*0.33 | CA59: =R59*K59 | CB59: =S59*K59*0.33 | CC59: =S59*K59 | CD59: =T59*K59*0.33 | CE59: =T59*K59
A60: 57 | B60: İç Denetimin Bağımsızlık Düzeyi | C60: Denetim Güvencesi: Denetçinin tarafsızlığı, sürdürülebilirlik verilerinin doğruluğu için en kritik "yönetişim" şartıdır. | D60: =ESG_FO_Makale!$G$19 | E60: 0.09 | F60: =D60*E60 | G60: =ESG_FO_AnaBlok!$G$19 | H60: =G_AltGruplar!$E$14 | I60: =G_UyumPolit!O34 | J60: =G60*H60*I60 | K60: =H60*I60 | L60: İç Denetim, Üst Yöneticiye direkt bağlı olarak hiyerarşik yapıda yer almakta ve 2022 yılından itibaren faaliyetlerini kesintisiz sürdürmektedir. | M60: 5 | N60: İç Denetim, Üst Yöneticiye direkt bağlı olarak hiyerarşik yapıda yer almakta ve 2022 yılından itibaren faaliyetlerini kesintisiz sürdürmektedir. | O60: 5 | P60: İç Denetim, Üst Yöneticiye direkt bağlı olarak hiyerarşik yapıda yer almakta ve 2022 yılından itibaren faaliyetlerini kesintisiz sürdürmektedir. | Q60: 5 | R60: =100*(M60-1)/4 | S60: =100*(O60-1)/4 | T60: =100*(Q60-1)/4 | U60: =R60*J60 | V60: =R60*K60 | W60: =S60*$J60 | X60: =S60*K60 | Y60: =T60*$J60 | Z60: =T60*K60 | AA60: =R60*F60 | AB60: =R60*E60 | AC60: =S60*F60 | AD60: =S60*E60 | AE60: =T60*F60 | AF60: =T60*E60 | AG60: =R60*0.25*K60 | AH60: =K60*R60 | AI60: =S60*0.25*$K60 | AJ60: =S60*K60 | AK60: =T60*0.25*$K60 | AL60: =K60*T60 | AM60: =1/2 | AN60: =R60*I60*AM60*0.25 | AO60: =R60*I60*AM60 | AP60: =S60*I60*AM60*0.25 | AQ60: =S60*I60*AM60 | AR60: =T60*I60*AM60*0.25 | AS60: =T60*I60*AM60 | AT60: =1/12 | AU60: =0.5 | AV60: =R60*AT60*AU60*0.25 | AW60: =R60*AT60*AU60 | AX60: =S60*AT60*AU60*0.25 | AY60: =S60*AT60*AU60 | AZ60: =T60*AT60*AU60*0.25 | BA60: =T60*AT60*AU60 | BB60: =R60*K60*0.2 | BC60: =R60*K60 | BD60: =S60*K60*0.2 | BE60: =S60*K60 | BF60: =T60*K60*0.2 | BG60: =T60*K60 | BH60: =R60*K60*0.2 | BI60: =R60*K60 | BJ60: =S60*K60*0.2 | BK60: =S60*K60 | BL60: =T60*K60*0.2 | BM60: =T60*K60 | BN60: =R60*K60*0.4 | BO60: =K60*R60 | BP60: =S60*K60*0.4 | BQ60: =K60*S60 | BR60: =K60*T60*0.4 | BS60: =K60*T60 | BT60: =R60*K60*0.2 | BU60: =R60*K60 | BV60: =S60*K60*0.2 | BW60: =S60*K60 | BX60: =T60*K60*0.2 | BY60: =T60*K60 | BZ60: =R60*K60*0.33 | CA60: =R60*K60 | CB60: =S60*K60*0.33 | CC60: =S60*K60 | CD60: =T60*K60*0.33 | CE60: =T60*K60
